A股代码,证券简称,上市日期
600000,浦发银行,19991110
600004,白云机场,20030428
600006,东风汽车,19990727
600007,中国国贸,19990312
600008,首创环保,20000427
600009,上海机场,19980218
600010,包钢股份,20010309
600011,华能国际,20011206
600012,皖通高速,20030107
600015,华夏银行,20030912
600016,民生银行,20001219
600017,日照港,20061017
600018,上港集团,20000719
600019,宝钢股份,20001212
600020,中原高速,20030808
600021,上海电力,20031029
600022,山东钢铁,20040629
600023,浙能电力,20131219
600025,华能水电,20171215
600026,中远海能,20020523
600027,华电国际,20050203
600028,中国石化,20010808
600029,南方航空,20030725
600030,中信证券,20030106
600031,三一重工,20030703
600032,浙江新能,20210525
600033,福建高速,20010209
600035,楚天高速,20040310
600036,招商银行,20020409
600037,歌华有线,20010208
600038,中直股份,20001218
600039,四川路桥,20030325
600048,保利发展,20060731
600050,中国联通,20021009
600051,宁波联合,19970410
600052,东望时代,19970415
600053,九鼎投资,19970418
600054,黄山旅游,19970506
600055,万东医疗,19970519
600056,中国医药,19970515
600057,厦门象屿,19970604
600058,五矿发展,19970528
600059,古越龙山,19970516
600060,海信视像,19970422
600061,国投资本,19970519
600062,华润双鹤,19970522
600063,皖维高新,19970528
600064,南京高科,19970506
600066,宇通客车,19970508
600067,冠城大通,19970508
600070,ST富润,19970604
600071,凤凰光学,19970528
600072,中船科技,19970603
600073,上海梅林,19970704
600075,新疆天业,19970617
600076,康欣新材,19970526
600078,ST澄星,19970627
600079,人福医药,19970606
600080,金花股份,19970612
600081,东风科技,19970703
600082,海泰发展,19970620
600083,博信股份,19970606
600084,中信尼雅,19970711
600085,同仁堂,19970625
600088,中视传媒,19970616
600089,特变电工,19970618
600094,大名城,19970703
600095,湘财股份,19970708
600096,云天化,19970709
600097,开创国际,19970619
600098,广州发展,19970718
600099,林海股份,19970704
600100,同方股份,19970627
600101,明星电力,19970627
600103,青山纸业,19970703
600104,上汽集团,19971125
600105,永鼎股份,19970929
600106,重庆路桥,19970618
600107,美尔雅,19971106
600108,亚盛集团,19970818
600109,国金证券,19970807
600110,诺德股份,19971007
600111,北方稀土,19970924
600112,ST天成,19971127
600113,浙江东日,19971021
600114,东睦股份,20040511
600115,中国东航,19971105
600116,三峡水利,19970804
600117,星ST西钢,19971015
600118,中国卫星,19970908
600119,长江投资,19980115
600120,浙江东方,19971201
600121,郑州煤电,19980107
600123,兰花科创,19981217
600125,铁龙物流,19980511
600126,杭钢股份,19980311
600127,金健米业,19980506
600128,苏豪弘业,19970901
600129,太极集团,19971118
600130,波导股份,20000706
600131,国网信通,19980402
600132,重庆啤酒,19971030
600133,东湖高新,19980212
600135,乐凯胶片,19980122
600136,星ST明诚,19980303
600137,浪莎股份,19980416
600138,中青旅,19971203
600141,兴发集团,19990616
600143,金发科技,20040623
600148,长春一东,19980520
600149,廊坊发展,19991014
600150,中国船舶,19980520
600151,航天机电,19980605
600152,维科技术,19980609
600153,建发股份,19980616
600155,华创云信,19980918
600156,华升股份,19980527
600157,永泰能源,19980513
600158,中体产业,19980327
600159,大龙地产,19980526
600160,巨化股份,19980626
600161,天坛生物,19980616
600162,香江控股,19980609
600163,中闽能源,19980602
600165,ST宁科,19980529
600166,福田汽车,19980602
600167,联美控股,19990128
600168,武汉控股,19980427
600169,太原重工,19980904
600170,上海建工,19980623
600171,上海贝岭,19980924
600172,黄河旋风,19981126
600173,卧龙地产,19990415
600176,中国巨石,19990422
600177,雅戈尔,19981119
600178,东安动力,19981014
600179,安通控股,19981104
600180,瑞茂通,19980703
600182,S佳通,19990507
600183,生益科技,19981028
600184,光电股份,20031106
600185,格力地产,19990611
600186,莲花健康,19980825
600187,国中水务,19981111
600188,兖矿能源,19980701
600189,泉阳泉,19981007
600190,锦州港,19990609
600191,华资实业,19981210
600192,长城电工,19981224
600193,创兴资源,19990527
600195,中牧股份,19990107
600196,复星医药,19980807
600197,伊力特,19990916
600198,大唐电信,19981021
600199,金种子酒,19980812
600200,江苏吴中,19990401
600201,生物股份,19990115
600202,哈空调,19990603
600203,福日电子,19990514
600206,有研新材,19990319
600207,安彩高科,19990714
600208,新湖中宝,19990623
600210,紫江企业,19990824
600211,西藏药业,19990721
600212,绿能慧充,19990817
600213,亚星客车,19990831
600215,派斯林,19990909
600216,浙江医药,19991021
600217,中再资环,19991216
600218,全柴动力,19981203
600219,南山铝业,19991223
600220,江苏阳光,19990927
600221,海航控股,19991125
600222,太龙药业,19991105
600223,福瑞达,20000113
600225,卓朗科技,20000127
600226,瀚叶股份,19991116
600227,赤天化,20000221
600228,返利科技,19990119
600229,城市传媒,20000309
600230,沧州大化,20000406
600231,凌钢股份,20000511
600232,金鹰股份,20000602
600233,圆通速递,20000608
600234,科新发展,20000615
600235,民丰特纸,20000615
600236,桂冠电力,20000323
600237,铜峰电子,20000609
600238,海南椰岛,20000120
600239,云南城投,19991202
600241,时代万恒,20001128
600243,青海华鼎,20001120
600246,万通发展,20000922
600248,陕建股份,20000622
600249,两面针,20040130
600250,南京商旅,20010306
600251,冠农股份,20030609
600252,中恒集团,20001130
600255,鑫科材料,20001122
600256,广汇能源,20000526
600257,大湖股份,20000612
600258,首旅酒店,20000601
600259,广晟有色,20000525
600261,阳光照明,20000720
600262,北方股份,20000630
600265,ST景谷,20000825
600266,城建发展,19990203
600267,海正药业,20000725
600268,国电南自,19991118
600269,赣粤高速,20000518
600271,航天信息,20030711
600272,开开实业,20010228
600273,嘉化能源,20030627
600276,恒瑞医药,20001018
600277,亿利洁能,20000725
600278,东方创业,20000712
600279,重庆港,20000731
600280,中央商场,20000926
600281,华阳新材,20001109
600282,南钢股份,20000919
600283,钱江水利,20001018
600284,浦东建设,20040316
600285,羚锐制药,20001018
600287,江苏舜天,20000901
600288,大恒科技,20001129
600289,ST信通,20000720
600292,远达环保,20001101
600293,三峡新材,20000919
600295,鄂尔多斯,20010426
600297,广汇汽车,20001116
600298,安琪酵母,20000818
600299,安迪苏,20000420
600300,维维股份,20000630
600301,华锡有色,20000712
600302,标准股份,20001213
600303,ST曙光,20001226
600305,恒顺醋业,20010206
600306,星ST商城,20001226
600307,酒钢宏兴,20001220
600308,华泰股份,20000928
600309,万华化学,20010105
600310,广西能源,20010228
600312,平高电气,20010221
600313,农发种业,20010119
600315,上海家化,20010315
600316,洪都航空,20001215
600318,新力金融,20001208
600319,亚星化学,20010326
600320,振华重工,20001221
600321,正源股份,20010524
600322,津投城开,20010910
600323,瀚蓝环境,20001225
600325,华发股份,20040225
600326,西藏天路,20010116
600327,大东方,20020625
600328,中盐化工,20001222
600329,达仁堂,20010606
600330,天通股份,20010118
600331,宏达股份,20011220
600332,白云山,20010206
600333,长春燃气,20001211
600335,国机汽车,20010305
600336,澳柯玛,20001229
600337,美克家居,20001127
600338,西藏珠峰,20001227
600339,中油工程,20001225
600340,华夏幸福,20031230
600343,航天动力,20030408
600345,长江通信,20001222
600346,恒力石化,20010820
600348,华阳股份,20030821
600350,山东高速,20020318
600351,亚宝药业,20020926
600352,浙江龙盛,20030801
600353,旭光电子,20021120
600354,敦煌种业,20040115
600355,精伦电子,20020613
600356,恒丰纸业,20010419
600358,国旅联合,20000922
600359,新农开发,19990429
600360,华微电子,20010316
600361,创新新材,20011129
600362,江西铜业,20020111
600363,联创光电,20010329
600365,ST通葡,20010115
600366,宁波韵升,20001030
600367,红星发展,20010320
600368,五洲交通,20001221
600369,西南证券,20010109
600370,三房巷,20030306
600371,万向德农,20020916
600372,中航机载,20010706
600373,中文传媒,20020304
600375,星ST汉马,20030401
600376,首开股份,20010312
600377,宁沪高速,20010116
600378,昊华科技,20010111
600379,宝光股份,20020116
600380,健康元,20010608
600381,青海春天,20010508
600382,广东明珠,20010118
600383,金地集团,20010412
600386,北巴传媒,20010216
600387,ST海越,20040218
600388,龙净环保,20001229
600389,江山股份,20010110
600390,五矿资本,20010115
600391,航发科技,20011212
600392,盛和资源,20030529
600395,盘江股份,20010531
600396,星ST金山,20010328
600397,安源煤业,20020702
600398,海澜之家,20001228
600399,抚顺特钢,20001229
600400,红豆股份,20010108
600403,大有能源,20031009
600405,动力源,20040401
600406,国电南瑞,20031016
600408,安泰集团,20030212
600409,三友化工,20030618
600410,华胜天成,20040427
600415,小商品城,20020509
600416,湘电股份,20020718
600418,江淮汽车,20010824
600419,天润乳业,20010628
600420,国药现代,20040616
600421,华嵘控股,20040607
600422,昆药集团,20001206
600423,柳化股份,20030717
600425,青松建化,20030724
600426,华鲁恒升,20020620
600428,中远海特,20020418
600429,三元股份,20030915
600433,冠豪高新,20030619
600435,北方导航,20030704
600436,片仔癀,20030616
600438,通威股份,20040302
600439,瑞贝卡,20030710
600444,国机通用,20040219
600446,金证股份,20031224
600448,华纺股份,20010903
600449,宁夏建材,20030829
600452,涪陵电力,20040303
600455,博通股份,20040329
600456,宝钛股份,20020412
600458,时代新材,20021219
600459,贵研铂业,20030516
600460,士兰微,20030311
600461,洪城环境,20040601
600462,ST九有,20030903
600463,空港股份,20040318
600467,好当家,20040405
600468,百利电气,20010615
600469,风神股份,20031021
600470,六国化工,20040305
600475,华光环能,20030721
600476,湘邮科技,20031210
600477,杭萧钢构,20031110
600478,科力远,20030918
600479,千金药业,20040312
600480,凌云股份,20030815
600481,双良节能,20030422
600482,中国动力,20040714
600483,福能股份,20040531
600486,扬农化工,20020425
600487,亨通光电,20030822
600488,津药药业,20010618
600489,中金黄金,20030814
600490,鹏欣资源,20030626
600491,龙元建设,20040524
600493,凤竹纺织,20040421
600495,晋西车轴,20040526
600496,精工钢构,20020605
600497,驰宏锌锗,20040420
600498,烽火通信,20010823
600499,科达制造,20021010
600500,中化国际,20000301
600501,航天晨光,20010615
600502,安徽建工,20030415
600503,华丽家族,20020709
600505,西昌电力,20020530
600506,统一股份,20011226
600507,方大特钢,20030930
600508,上海能源,20010829
600509,天富能源,20020228
600510,黑牡丹,20020618
600511,国药股份,20021127
600512,腾达建设,20021226
600513,联环药业,20030319
600515,海南机场,20020806
600516,方大炭素,20020830
600517,国网英大,20031010
600518,ST康美,20010319
600519,贵州茅台,20010827
600520,文一科技,20020108
600521,华海药业,20030304
600522,中天科技,20021024
600523,贵航股份,20011227
600525,长园集团,20021202
600526,菲达环保,20020722
600527,江南高纤,20031127
600528,中铁工业,20010528
600529,山东药玻,20020603
600530,ST交昂,20010702
600531,豫光金铅,20020730
600533,栖霞建设,20020328
600535,天士力,20020823
600536,中国软件,20020517
600537,亿晶光电,20030123
600538,国发股份,20030114
600539,狮头股份,20010824
600540,新赛股份,20040107
600543,星ST莫高,20040324
600545,卓郎智能,20031203
600546,山煤国际,20030731
600547,山东黄金,20030828
600548,深高速,20011225
600549,厦门钨业,20021107
600550,保变电气,20010228
600551,时代出版,20020905
600552,凯盛科技,20021108
600556,天下秀,20010807
600557,康缘药业,20020918
600558,大西洋,20010227
600559,老白干酒,20021029
600560,金自天正,20020919
600561,江西长运,20020716
600562,国睿科技,20030128
600563,法拉电子,20021210
600565,迪马股份,20020723
600566,济川药业,20010822
600567,山鹰国际,20011218
600568,ST中珠,20010518
600569,安阳钢铁,20010820
600570,恒生电子,20031216
600571,信雅达,20021101
600572,康恩贝,20040412
600573,惠泉啤酒,20030226
600575,淮河能源,20030328
600576,祥源文旅,20030220
600577,精达股份,20020911
600578,京能电力,20020510
600579,克劳斯,20020809
600580,卧龙电驱,20020606
600581,八一钢铁,20020816
600582,天地科技,20020515
600583,海油工程,20020205
600584,长电科技,20030603
600585,海螺水泥,20020207
600586,金晶科技,20020815
600587,新华医疗,20020927
600588,用友网络,20010518
600589,星ST榕泰,20010612
600590,泰豪科技,20020703
600592,龙溪股份,20020805
600593,大连圣亚,20020711
600594,益佰制药,20040323
600595,中孚实业,20020626
600596,新安股份,20010906
600597,光明乳业,20020828
600598,北大荒,20020329
600599,ST熊猫,20010828
600600,青岛啤酒,19930827
600601,方正科技,19901219
600602,云赛智联,19901219
600603,广汇物流,19920113
600604,市北高新,19920327
600605,汇通能源,19920327
600606,绿地控股,19920327
600608,ST沪科,19920327
600609,金杯汽车,19920724
600610,中毅达,19920805
600611,大众交通,19920807
600612,老凤祥,19920814
600613,神奇制药,19920820
600615,丰华股份,19920910
600616,金枫酒业,19920929
600617,国新能源,19921013
600618,氯碱化工,19921113
600619,海立股份,19921116
600620,天宸股份,19921117
600621,华鑫股份,19921202
600622,光大嘉宝,19921203
600623,华谊集团,19921204
600624,复旦复华,19930105
600626,申达股份,19930107
600628,新世界,19930119
600629,华建集团,19930209
600630,龙头股份,19930209
600633,浙数文化,19930304
600635,大众公用,19930304
600636,国新文化,19930316
600637,东方明珠,19930316
600638,新黄浦,19930326
600639,浦东金桥,19930326
600640,国脉文化,19930407
600641,万业企业,19930407
600642,申能股份,19930416
600643,爱建集团,19930426
600644,乐山电力,19930426
600645,中源协和,19930504
600647,星ST同达,19930504
600648,外高桥,19930504
600649,城投控股,19930518
600650,锦江在线,19930607
600651,飞乐音响,19901219
600653,申华控股,19901219
600654,ST中安,19901219
600655,豫园股份,19920902
600657,信达地产,19930524
600658,电子城,19930524
600660,福耀玻璃,19930610
600661,昂立教育,19930614
600662,外服控股,19930614
600663,陆家嘴,19930628
600664,哈药股份,19930629
600665,天地源,19930709
600666,ST瑞德,19930712
600667,太极实业,19930728
600668,尖峰集团,19930728
600671,星ST目药,19930823
600673,东阳光,19930917
600674,川投能源,19930924
600675,中华企业,19930924
600676,交运股份,19930928
600678,四川金顶,19931008
600679,上海凤凰,19931008
600681,百川能源,19931018
600682,南京新百,19931018
600683,京投发展,19931025
600684,珠江股份,19931028
600685,中船防务,19931028
600686,金龙汽车,19931108
600688,上海石化,19931108
600689,上海三毛,19931108
600690,海尔智家,19931119
600691,阳煤化工,19931119
600692,亚通股份,19931119
600693,东百集团,19931122
600694,大商股份,19931122
600696,岩石股份,19931206
600697,欧亚集团,19931206
600698,湖南天雁,19931206
600699,均胜电子,19931206
600702,舍得酒业,19960524
600703,三安光电,19960528
600704,物产中大,19960606
600705,中航产融,19960516
600706,曲江文旅,19960516
600707,彩虹股份,19960520
600708,光明地产,19960606
600710,苏美达,19960701
600711,盛屯矿业,19960531
600712,南宁百货,19960626
600713,南京医药,19960701
600714,金瑞矿业,19960606
600715,文投控股,19960701
600716,凤凰股份,19960702
600717,天津港,19960614
600718,东软集团,19960618
600719,大连热电,19960716
600720,中交设计,19960716
600721,百花医药,19960626
600722,金牛化工,19960626
600724,宁波富达,19960716
600725,云维股份,19960702
600726,华电能源,19960701
600727,鲁北化工,19960702
600728,佳都科技,19960716
600729,重庆百货,19960702
600730,中国高科,19960726
600731,湖南海利,19960802
600732,爱旭股份,19960816
600733,北汽蓝谷,19960816
600734,ST实达,19960808
600735,新华锦,19960726
600736,苏州高新,19960815
600737,中粮糖业,19960731
600738,丽尚国潮,19960802
600739,辽宁成大,19960819
600740,山西焦化,19960808
600741,华域汽车,19960826
600742,一汽富维,19960826
600743,华远地产,19960909
600744,华银电力,19960905
600745,闻泰科技,19960828
600746,江苏索普,19960918
600748,上实发展,19960925
600749,西藏旅游,19961015
600750,江中药业,19960923
600751,海航科技,19960909
600753,庚星股份,19960927
600754,锦江酒店,19961011
600755,厦门国贸,19961003
600756,浪潮软件,19960923
600757,长江传媒,19961003
600758,辽宁能源,19961029
600759,ST洲际,19961008
600760,中航沈飞,19961011
600761,安徽合力,19961009
600763,通策医疗,19961030
600764,中国海防,19961104
600765,中航重机,19961106
600766,星ST园城,19961028
600768,宁波富邦,19961111
600769,祥龙电业,19961101
600770,综艺股份,19961120
600771,广誉远,19961105
600773,西藏城投,19961108
600774,汉商集团,19961108
600775,南京熊猫,19961118
600776,东方通信,19961126
600777,新潮能源,19961121
600778,友好集团,19961203
600779,水井坊,19961206
600780,通宝能源,19961205
600782,新钢股份,19961225
600783,鲁信创投,19961225
600784,鲁银投资,19961225
600785,新华百货,19970108
600787,中储股份,19970121
600789,鲁抗医药,19970226
600790,轻纺城,19970228
600791,京能置业,19970130
600792,云煤能源,19970123
600793,宜宾纸业,19970220
600794,保税科技,19970306
600795,国电电力,19970318
600796,钱江生化,19970408
600797,浙大网新,19970418
600798,宁波海运,19970423
600800,渤海化学,19931206
600801,华新水泥,19940103
600802,福建水泥,19940103
600803,新奥股份,19940103
600804,ST鹏博士,19940103
600805,悦达投资,19940103
600807,济南高新,19940103
600808,马钢股份,19940106
600809,山西汾酒,19940106
600810,神马股份,19940106
600811,东方集团,19940106
600812,华北制药,19940114
600814,杭州解百,19940114
600815,厦工股份,19940128
600816,建元信托,19940128
600817,宇通重工,19940128
600818,中路股份,19940128
600819,耀皮玻璃,19940128
600820,隧道股份,19940128
600821,金开新能,19940128
600822,上海物贸,19940204
600823,ST世茂,19940204
600824,益民集团,19940204
600825,新华传媒,19940204
600826,兰生股份,19940204
600827,百联股份,19940204
600828,茂业商业,19940224
600829,人民同泰,19940224
600830,香溢融通,19940224
600831,广电网络,19940224
600833,第一医药,19940224
600834,申通地铁,19940224
600835,上海机电,19940224
600836,上海易连,19940224
600837,海通证券,19940224
600838,上海九百,19940224
600839,四川长虹,19940311
600841,动力新科,19940311
600843,上工申贝,19940311
600844,丹化科技,19940311
600845,宝信软件,19940311
600846,同济科技,19940311
600847,万里股份,19940324
600848,上海临港,19940324
600850,电科数字,19940324
600851,海欣股份,19940404
600853,龙建股份,19940404
600854,春兰股份,19940425
600855,航天长峰,19940425
600857,宁波中百,19940425
600858,银座股份,19940506
600859,王府井,19940506
600860,京城股份,19940506
600861,北京人力,19940520
600862,中航高科,19940520
600863,内蒙华电,19940520
600864,哈投股份,19940809
600865,百大集团,19940809
600866,星湖科技,19940818
600867,通化东宝,19940824
600868,梅雁吉祥,19940912
600869,远东股份,19950206
600871,石化油服,19950411
600872,中炬高新,19950124
600873,梅花生物,19950217
600874,创业环保,19950630
600875,东方电气,19951010
600876,凯盛新能,19951031
600877,电科芯片,19951013
600879,航天电子,19951115
600880,博瑞传播,19951115
600881,亚泰集团,19951115
600882,妙可蓝多,19951206
600883,博闻科技,19951208
600884,杉杉股份,19960130
600885,宏发股份,19960205
600886,国投电力,19960118
600887,伊利股份,19960312
600888,新疆众和,19960215
600889,南京化纤,19960308
600892,大晟文化,19960315
600893,航发动力,19960408
600894,广日股份,19960328
600895,张江高科,19960422
600897,厦门空港,19960531
600898,ST美讯,19960418
600900,长江电力,20031118
600901,江苏金租,20180301
600903,贵州燃气,20171107
600905,三峡能源,20210610
600906,财达证券,20210507
600908,无锡银行,20160923
600909,华安证券,20161206
600916,中国黄金,20210205
600917,重庆燃气,20140930
600918,中泰证券,20200603
600919,江苏银行,20160802
600925,苏能股份,20230329
600926,杭州银行,20161027
600927,永安期货,20211223
600928,西安银行,20190301
600929,雪天盐业,20180326
600933,爱柯迪,20171117
600935,华塑股份,20211126
600936,广西广电,20160815
600938,中国海油,20220421
600939,重庆建工,20170221
600941,中国移动,20220105
600955,维远股份,20210915
600956,新天绿能,20200629
600958,东方证券,20150323
600959,江苏有线,20150428
600960,渤海汽车,20040407
600961,株冶集团,20040830
600962,国投中鲁,20040622
600963,岳阳林纸,20040525
600965,福成股份,20040713
600966,博汇纸业,20040608
600967,内蒙一机,20040518
600968,海油发展,20190626
600969,郴电国际,20040408
600970,中材国际,20050412
600971,恒源煤电,20040817
600973,宝胜股份,20040802
600975,新五丰,20040609
600976,健民集团,20040419
600977,中国电影,20160809
600979,广安爱众,20040906
600980,北矿科技,20040512
600981,汇鸿集团,20040630
600982,宁波能源,20040706
600983,惠而浦,20040727
600984,建设机械,20040707
600985,淮北矿业,20040428
600986,浙文互联,20040426
600987,航民股份,20040809
600988,赤峰黄金,20040414
600989,宝丰能源,20190516
600990,四创电子,20040510
600992,贵绳股份,20040514
600993,马应龙,20040517
600995,南网储能,20040615
600996,贵广网络,20161226
600997,开滦股份,20040602
600998,九州通,20101102
600999,招商证券,20091117
601000,唐山港,20100705
601001,晋控煤业,20060623
601002,晋亿实业,20070126
601003,柳钢股份,20070227
601005,重庆钢铁,20070228
601006,大秦铁路,20060801
601007,金陵饭店,20070406
601008,连云港,20070426
601009,南京银行,20070719
601010,文峰股份,20110603
601011,宝泰隆,20110309
601012,隆基绿能,20120411
601015,陕西黑猫,20141105
601016,节能风电,20140929
601018,宁波港,20100928
601019,山东出版,20171122
601020,华钰矿业,20160316
601021,春秋航空,20150121
601022,宁波远洋,20221208
601028,玉龙股份,20111107
601038,一拖股份,20120808
601058,赛轮轮胎,20110630
601059,信达证券,20230201
601061,中信金属,20230410
601065,江盐集团,20230410
601066,中信建投,20180620
601068,中铝国际,20180831
601069,西部黄金,20150122
601077,渝农商行,20191029
601083,锦江航运,20231205
601086,国芳集团,20170929
601088,中国神华,20071009
601089,福元医药,20220630
601096,宏盛华源,20231222
601098,中南传媒,20101028
601099,太平洋,20071228
601100,恒立液压,20111028
601101,昊华能源,20100331
601106,中国一重,20100209
601107,四川成渝,20090727
601108,财通证券,20171024
601111,中国国航,20060818
601113,华鼎股份,20110509
601116,三江购物,20110302
601117,中国化学,20100107
601118,海南橡胶,20110107
601121,宝地矿业,20230310
601126,四方股份,20101231
601127,赛力斯,20160615
601128,常熟银行,20160930
601133,柏诚股份,20230410
601136,首创证券,20221222
601137,博威合金,20110127
601138,工业富联,20180608
601139,深圳燃气,20091225
601155,新城控股,20151204
601156,东航物流,20210609
601158,重庆水务,20100329
601162,天风证券,20181019
601163,三角轮胎,20160909
601166,兴业银行,20070205
601168,西部矿业,20070712
601169,北京银行,20070919
601177,杭齿前进,20101011
601179,中国西电,20100128
601186,中国铁建,20080310
601187,厦门银行,20201027
601188,龙江交通,20100319
601198,东兴证券,20150226
601199,江南水务,20110317
601200,上海环境,20170331
601208,东材科技,20110520
601211,国泰君安,20150626
601212,白银有色,20170215
601216,君正集团,20110222
601218,吉鑫科技,20110506
601222,林洋能源,20110808
601225,陕西煤业,20140128
601226,华电重工,20141211
601228,广州港,20170329
601229,上海银行,20161116
601231,环旭电子,20120220
601233,桐昆股份,20110518
601236,红塔证券,20190705
601238,广汽集团,20120329
601279,英利汽车,20210415
601288,农业银行,20100715
601298,青岛港,20190121
601311,骆驼股份,20110602
601318,中国平安,20070301
601319,中国人保,20181116
601326,秦港股份,20170816
601328,交通银行,20070515
601330,绿色动力,20180611
601333,广深铁路,20061222
601336,新华保险,20111216
601339,百隆东方,20120612
601360,三六零,20120116
601366,利群股份,20170412
601368,绿城水务,20150612
601369,陕鼓动力,20100428
601375,中原证券,20170103
601377,兴业证券,20101013
601388,怡球资源,20120423
601390,中国中铁,20071203
601398,工商银行,20061027
601399,国机重装,20200608
601456,国联证券,20200731
601500,通用股份,20160919
601512,中新集团,20191220
601515,东峰集团,20120216
601518,吉林高速,20100319
601519,大智慧,20110128
601528,瑞丰银行,20210625
601555,东吴证券,20111212
601566,九牧王,20110530
601567,三星医疗,20110615
601568,北元集团,20201020
601577,长沙银行,20180926
601579,会稽山,20140825
601588,北辰实业,20061016
601595,上海电影,20160817
601598,中国外运,20190118
601599,浙文影业,20110527
601600,中国铝业,20070430
601601,中国太保,20071225
601606,长城军工,20180806
601607,上海医药,19940324
601608,中信重工,20120706
601609,金田股份,20200422
601611,中国核建,20160606
601615,明阳智能,20190123
601616,广电电气,20110201
601618,中国中冶,20090921
601619,嘉泽新能,20170720
601628,中国人寿,20070109
601633,长城汽车,20110928
601636,旗滨集团,20110812
601658,邮储银行,20191210
601665,齐鲁银行,20210618
601666,平煤股份,20061123
601668,中国建筑,20090729
601669,中国电建,20111018
601677,明泰铝业,20110919
601678,滨化股份,20100223
601686,友发集团,20201204
601688,华泰证券,20100226
601689,拓普集团,20150319
601696,中银证券,20200226
601698,中国卫通,20190628
601699,潞安环能,20060922
601700,风范股份,20110118
601702,华峰铝业,20200907
601717,郑煤机,20100803
601718,际华集团,20100816
601727,上海电气,20081205
601728,中国电信,20210820
601766,中国中车,20080818
601777,力帆科技,20101125
601778,晶科科技,20200519
601788,光大证券,20090818
601789,宁波建工,20110816
601798,蓝科高新,20110622
601799,星宇股份,20110201
601800,中国交建,20120309
601801,皖新传媒,20100118
601808,中海油服,20070928
601811,新华文轩,20160808
601816,京沪高铁,20200116
601818,光大银行,20100818
601825,沪农商行,20210819
601827,三峰环境,20200605
601828,美凯龙,20180117
601838,成都银行,20180131
601857,中国石油,20071105
601858,中国科传,20170118
601860,紫金银行,20190103
601865,福莱特,20190215
601866,中远海发,20071212
601868,中国能建,20210928
601869,长飞光纤,20180720
601872,招商轮船,20061201
601877,正泰电器,20100121
601878,浙商证券,20170626
601880,辽港股份,20101206
601881,中国银河,20170123
601882,海天精工,20161107
601886,江河集团,20110818
601888,中国中免,20091015
601890,亚星锚链,20101228
601898,中煤能源,20080201
601899,紫金矿业,20080425
601900,南方传媒,20160215
601901,方正证券,20110810
601908,京运通,20110908
601916,浙商银行,20191126
601918,新集能源,20071219
601919,中远海控,20070626
601921,浙版传媒,20210723
601928,凤凰传媒,20111130
601929,吉视传媒,20120223
601933,永辉超市,20101215
601939,建设银行,20070925
601949,中国出版,20170821
601952,苏垦农发,20170515
601956,东贝集团,20201225
601958,金钼股份,20080417
601963,重庆银行,20210205
601965,中国汽研,20120611
601966,玲珑轮胎,20160706
601968,宝钢包装,20150611
601969,海南矿业,20141209
601975,招商南油,20190108
601985,中国核电,20150610
601988,中国银行,20060705
601989,中国重工,20091216
601990,南京证券,20180613
601991,大唐发电,20061220
601992,金隅集团,20110301
601995,中金公司,20201102
601996,丰林集团,20110929
601997,贵阳银行,20160816
601998,中信银行,20070427
601999,出版传媒,20071221
603000,人民网,20120427
603001,ST奥康,20120426
603002,宏昌电子,20120518
603003,龙宇股份,20120817
603004,鼎龙科技,20231227
603005,晶方科技,20140210
603006,联明股份,20140630
603007,ST花王,20160826
603008,喜临门,20120717
603009,北特科技,20140718
603010,万盛股份,20141010
603011,合锻智能,20141107
603012,创力集团,20150320
603013,亚普股份,20180509
603015,弘讯科技,20150303
603016,新宏泰,20160701
603017,中衡设计,20141231
603018,华设集团,20141013
603019,中科曙光,20141106
603020,爱普股份,20150325
603021,山东华鹏,20150423
603022,新通联,20150518
603023,威帝股份,20150527
603025,大豪科技,20150422
603026,胜华新材,20150529
603027,千禾味业,20160307
603028,赛福天,20160331
603029,天鹅股份,20160427
603030,星ST全筑,20150320
603031,安孚科技,20160822
603032,德新科技,20170105
603033,三维股份,20161207
603035,常熟汽饰,20170105
603036,如通股份,20161209
603037,凯众股份,20170120
603038,华立股份,20170116
603039,泛微网络,20170113
603040,新坐标,20170209
603041,美思德,20170330
603042,华脉科技,20170602
603043,广州酒家,20170627
603045,福达合金,20180517
603048,浙江黎明,20211116
603050,科林电气,20170414
603051,鹿山新材,20220325
603052,可川科技,20221011
603053,成都燃气,20191217
603055,台华新材,20170921
603056,德邦股份,20180116
603057,紫燕食品,20220926
603058,永吉股份,20161223
603059,倍加洁,20180302
603060,国检集团,20161109
603061,金海通,20230303
603062,麦加芯彩,20231107
603063,禾望电气,20170728
603065,宿迁联盛,20230321
603066,音飞储存,20150611
603067,振华股份,20160913
603068,博通集成,20190415
603069,海汽集团,20160712
603070,万控智造,20220310
603071,物产环能,20211216
603073,彩蝶实业,20230316
603075,热威股份,20230911
603076,乐惠国际,20171113
603077,和邦生物,20120731
603078,江化微,20170410
603079,圣达生物,20170823
603080,新疆火炬,20180103
603081,大丰实业,20170420
603083,剑桥科技,20171110
603085,天成自控,20150630
603086,先达股份,20170511
603087,甘李药业,20200629
603088,宁波精达,20141111
603089,正裕工业,20170126
603090,宏盛股份,20160831
603093,南华期货,20190830
603095,越剑智能,20200415
603096,新经典,20170425
603097,江苏华辰,20220512
603098,森特股份,20161216
603099,长白山,20140822
603100,川仪股份,20140805
603101,汇嘉时代,20160506
603102,百合股份,20220125
603103,横店影视,20171012
603105,芯能科技,20180709
603106,恒银科技,20170920
603107,上海汽配,20231101
603108,润达医疗,20150527
603109,神驰机电,20191231
603110,东方材料,20171013
603111,康尼机电,20140801
603112,华翔股份,20200917
603113,金能科技,20170511
603115,海星股份,20190809
603116,红蜻蜓,20150629
603117,ST万林,20150629
603118,共进股份,20150225
603119,浙江荣泰,20230801
603121,华培动力,20190111
603122,合富中国,20220216
603123,翠微股份,20120503
603125,常青科技,20230410
603126,中材节能,20140731
603127,昭衍新药,20170825
603128,华贸物流,20120529
603129,春风动力,20170818
603130,云中马,20221118
603131,上海沪工,20160607
603132,金徽股份,20220222
603133,星ST碳元,20170320
603135,中重科技,20230410
603136,天目湖,20170927
603137,恒尚节能,20230419
603138,海量数据,20170306
603139,康惠制药,20170421
603150,万朗磁塑,20220124
603151,邦基科技,20221019
603153,上海建科,20230313
603155,新亚强,20200901
603156,养元饮品,20180212
603158,腾龙股份,20150320
603159,上海亚虹,20160812
603160,汇顶科技,20161017
603161,科华控股,20180105
603162,海通发展,20230329
603163,圣晖集成,20221013
603165,荣晟环保,20170117
603166,福达股份,20141127
603167,渤海轮渡,20120906
603168,莎普爱思,20140702
603169,兰石重装,20141009
603170,宝立食品,20220715
603171,税友股份,20210630
603172,万丰股份,20230510
603173,福斯达,20230130
603176,汇通集团,20211231
603177,德创环保,20170207
603178,圣龙股份,20170328
603179,新泉股份,20170317
603180,金牌厨柜,20170512
603181,皇马科技,20170824
603182,嘉华股份,20220909
603183,建研院,20170905
603185,弘元绿能,20181228
603186,华正新材,20170103
603187,海容冷链,20181129
603188,亚邦股份,20140909
603189,网达软件,20160914
603190,亚通精工,20230217
603191,望变电气,20220428
603192,汇得科技,20180828
603193,润本股份,20231017
603195,公牛集团,20200206
603196,日播时尚,20170531
603197,保隆科技,20170519
603198,迎驾贡酒,20150528
603199,九华旅游,20150326
603200,上海洗霸,20170601
603201,常润股份,20220729
603203,快克智能,20161108
603206,嘉环科技,20220506
603208,江山欧派,20170210
603209,兴通股份,20220324
603211,晋拓股份,20220725
603212,赛伍技术,20200430
603213,镇洋发展,20211111
603214,爱婴室,20180330
603215,比依股份,20220218
603216,梦天家居,20211215
603217,元利科技,20190620
603218,日月股份,20161228
603219,富佳股份,20211122
603220,中贝通信,20181115
603221,爱丽家居,20200323
603222,济民医疗,20150217
603223,恒通股份,20150630
603225,新凤鸣,20170418
603226,菲林格尔,20170615
603227,雪峰科技,20150515
603228,景旺电子,20170106
603229,奥翔药业,20170509
603230,内蒙新华,20211224
603231,索宝蛋白,20231215
603232,格尔软件,20170421
603233,大参林,20170731
603235,天新药业,20220712
603236,移远通信,20190716
603237,五芳斋,20220831
603238,诺邦股份,20170222
603239,浙江仙通,20161230
603255,鼎际得,20220818
603256,宏和科技,20190719
603258,电魂网络,20161026
603259,药明康德,20180508
603260,合盛硅业,20171030
603261,立航科技,20220315
603266,天龙股份,20170110
603267,鸿远电子,20190515
603268,松发股份,20150319
603269,海鸥股份,20170517
603270,金帝股份,20230901
603272,联翔股份,20220520
603273,天元智能,20231023
603275,众辰科技,20230823
603276,恒兴新材,20230925
603277,银都股份,20170911
603278,大业股份,20171113
603279,景津装备,20190729
603280,南方路机,20221108
603281,江瀚新材,20230131
603282,亚光股份,20230315
603283,赛腾股份,20171225
603286,日盈电子,20170627
603288,海天味业,20140211
603289,泰瑞机器,20171031
603290,斯达半导,20200204
603291,联合水务,20230327
603296,华勤技术,20230808
603297,永新光学,20180910
603298,杭叉集团,20161227
603299,苏盐井神,20151231
603300,华铁应急,20150529
603301,振德医疗,20180412
603303,得邦照明,20170330
603305,旭升集团,20170710
603306,华懋科技,20140926
603307,扬州金泉,20230216
603308,应流股份,20140122
603309,维力医疗,20150302
603311,金海高科,20150518
603313,梦百合,20161013
603315,福鞍股份,20150424
603316,诚邦股份,20170619
603317,天味食品,20190416
603318,水发燃气,20150424
603319,湘油泵,20161130
603320,迪贝电气,20170502
603321,梅轮电梯,20170915
603322,超讯通信,20160728
603323,苏农银行,20161129
603324,盛剑环境,20210407
603326,我乐家居,20170616
603327,福蓉科技,20190523
603328,依顿电子,20140701
603329,上海雅仕,20171229
603330,天洋新材,20170213
603331,百达精工,20170705
603332,苏州龙杰,20190117
603333,尚纬股份,20120507
603335,迪生力,20170620
603336,宏辉果蔬,20161124
603337,杰克股份,20170119
603338,浙江鼎力,20150325
603339,四方科技,20160519
603345,安井食品,20170222
603348,文灿股份,20180426
603351,威尔药业,20190130
603353,和顺石油,20200407
603355,莱克电气,20150513
603356,华菱精工,20180124
603357,设计总院,20170801
603358,华达科技,20170125
603359,东珠生态,20170901
603360,百傲化学,20170206
603363,傲农生物,20170926
603365,水星家纺,20171120
603366,日出东方,20120521
603367,辰欣药业,20170929
603368,柳药集团,20141204
603369,今世缘,20140703
603373,安邦护卫,20231220
603377,东方时尚,20160205
603378,亚士创能,20170928
603379,三美股份,20190402
603380,易德龙,20170622
603383,顶点软件,20170522
603385,惠达卫浴,20170405
603386,骏亚科技,20170912
603387,基蛋生物,20170717
603388,元成股份,20170324
603389,亚振家居,20161215
603390,通达电气,20191125
603392,万泰生物,20200429
603393,新天然气,20160912
603396,金辰股份,20171018
603398,沐邦高科,20151209
603399,吉翔股份,20120824
603408,建霖家居,20200730
603416,信捷电气,20161221
603421,鼎信通讯,20161011
603429,集友股份,20170124
603439,贵州三力,20200428
603444,吉比特,20170104
603456,九洲药业,20141010
603458,勘设股份,20170809
603466,风语筑,20171020
603477,巨星农牧,20171218
603486,科沃斯,20180528
603488,展鹏科技,20170516
603489,八方股份,20191111
603496,恒为科技,20170607
603499,翔港科技,20171016
603500,祥和实业,20170904
603501,韦尔股份,20170504
603505,金石资源,20170503
603506,南都物业,20180201
603507,振江股份,20171106
603508,思维列控,20151224
603511,爱慕股份,20210531
603515,欧普照明,20160819
603516,淳中科技,20180202
603517,绝味食品,20170317
603518,锦泓集团,20141203
603519,立霸股份,20150319
603520,司太立,20160309
603527,众源新材,20170907
603528,多伦科技,20160503
603529,爱玛科技,20210615
603530,神马电力,20190805
603533,掌阅科技,20170921
603535,嘉诚国际,20170808
603536,惠发食品,20170613
603538,美诺华,20170407
603551,奥普家居,20200115
603556,海兴电力,20161110
603557,ST起步,20170818
603558,健盛集团,20150127
603559,ST通脉,20161202
603565,中谷物流,20200925
603566,普莱柯,20150518
603567,珍宝岛,20150424
603568,伟明环保,20150528
603569,长久物流,20160810
603577,汇金通,20161222
603578,三星新材,20170306
603579,荣泰健康,20170111
603580,艾艾精工,20170525
603583,捷昌驱动,20180921
603585,苏利股份,20161214
603586,金麒麟,20170406
603587,地素时尚,20180622
603588,高能环境,20141229
603589,口子窖,20150629
603590,康辰药业,20180827
603595,东尼电子,20170712
603596,伯特利,20180427
603598,引力传媒,20150527
603599,广信股份,20150513
603600,永艺股份,20150123
603601,再升科技,20150122
603602,纵横通信,20170810
603603,退市博天,20170217
603605,珀莱雅,20171115
603606,东方电缆,20141015
603607,京华激光,20171025
603608,天创时尚,20160218
603609,禾丰股份,20140808
603610,麒盛科技,20191029
603611,诺力股份,20150128
603612,索通发展,20170718
603613,国联股份,20190730
603615,茶花股份,20170213
603616,韩建河山,20150611
603617,君禾股份,20170703
603618,杭电股份,20150217
603619,中曼石油,20171117
603626,科森科技,20170209
603628,清源股份,20170112
603629,利通电子,20181224
603630,拉芳家化,20170313
603633,徕木股份,20161117
603636,南威软件,20141230
603637,镇海股份,20170208
603638,艾迪精密,20170120
603639,海利尔,20170112
603648,畅联股份,20170913
603650,彤程新材,20180627
603655,朗博科技,20171229
603656,泰禾智能,20170321
603657,春光科技,20180730
603658,安图生物,20160901
603659,璞泰来,20171103
603660,苏州科达,20161201
603661,恒林股份,20171121
603662,柯力传感,20190806
603663,三祥新材,20160801
603665,康隆达,20170313
603666,亿嘉和,20180612
603667,五洲新春,20161025
603668,天马科技,20170117
603669,灵康药业,20150528
603676,卫信康,20170721
603677,奇精机械,20170206
603678,火炬电子,20150126
603679,华体科技,20170621
603680,今创集团,20180227
603681,永冠新材,20190326
603682,锦和商管,20200421
603683,晶华新材,20171020
603685,晨丰科技,20171127
603686,福龙马,20150126
603687,大胜达,20190726
603688,石英股份,20141031
603689,皖天然气,20170110
603690,至纯科技,20170113
603693,江苏新能,20180703
603696,安记食品,20151209
603697,有友食品,20190508
603698,航天工程,20150128
603699,纽威股份,20140117
603700,宁水集团,20190122
603701,德宏股份,20160412
603703,盛洋科技,20150423
603706,东方环宇,20180709
603707,健友股份,20170719
603708,家家悦,20161213
603709,中源家居,20180208
603711,香飘飘,20171130
603712,七一二,20180226
603713,密尔克卫,20180713
603716,塞力医疗,20161031
603717,天域生态,20170327
603718,海利生物,20150515
603719,良品铺子,20200224
603721,中广天择,20170811
603722,阿科力,20171025
603725,天安新材,20170906
603726,朗迪集团,20160421
603727,博迈科,20161122
603728,鸣志电器,20170509
603729,龙韵股份,20150324
603730,岱美股份,20170728
603733,仙鹤股份,20180420
603737,三棵树,20160603
603738,泰晶科技,20160928
603739,蔚蓝生物,20190116
603755,日辰股份,20190828
603757,大元泵业,20170711
603758,秦安股份,20170517
603759,海天股份,20210326
603766,隆鑫通用,20120810
603767,中马传动,20170613
603768,常青股份,20170324
603773,沃格光电,20180417
603776,永安行,20170817
603777,来伊份,20161012
603778,国晟科技,20151231
603779,威龙股份,20160516
603786,科博达,20191015
603787,新日股份,20170427
603788,宁波高发,20150120
603789,星光农机,20150427
603790,雅运股份,20180912
603797,联泰环保,20170413
603798,康普顿,20160406
603799,华友钴业,20150129
603800,道森股份,20151210
603801,志邦家居,20170630
603803,瑞斯康达,20170420
603806,福斯特,20140905
603808,歌力思,20150422
603809,豪能股份,20171128
603810,丰山集团,20180917
603811,诚意药业,20170315
603813,原尚股份,20170918
603815,交建股份,20191021
603816,顾家家居,20161014
603817,海峡环保,20170220
603818,曲美家居,20150422
603819,神力股份,20161125
603822,嘉澳环保,20160428
603823,百合花,20161220
603825,华扬联众,20170802
603826,坤彩科技,20170414
603828,柯利达,20150226
603829,洛凯股份,20171017
603833,欧派家居,20170328
603836,海程邦达,20210526
603838,四通股份,20150701
603839,安正时尚,20170214
603843,正平股份,20160905
603848,好太太,20171201
603855,华荣股份,20170524
603856,东宏股份,20171106
603858,步长制药,20161118
603859,能科科技,20161021
603860,中公高科,20170802
603861,白云电器,20160322
603863,松炀资源,20190621
603866,桃李面包,20151222
603867,新化股份,20190627
603868,飞科电器,20160418
603869,新智认知,20150326
603871,嘉友国际,20180206
603876,鼎胜新材,20180418
603877,太平鸟,20170109
603878,武进不锈,20161219
603879,永悦科技,20170614
603880,ST南卫,20170807
603881,数据港,20170208
603882,金域医学,20170908
603883,老百姓,20150423
603885,吉祥航空,20150527
603886,元祖股份,20161228
603887,城地香江,20161010
603888,新华网,20161028
603889,新澳股份,20141231
603890,春秋电子,20171212
603893,瑞芯微,20200207
603895,天永智能,20180122
603896,寿仙谷,20170510
603897,长城科技,20180410
603898,好莱客,20150217
603899,晨光股份,20150127
603900,莱绅通灵,20161123
603901,永创智能,20150529
603903,中持股份,20170314
603906,龙蟠科技,20170410
603908,牧高笛,20170307
603909,建发合诚,20160628
603912,佳力图,20171101
603915,国茂股份,20190614
603916,苏博特,20171110
603917,合力科技,20171204
603918,金桥信息,20150528
603919,金徽酒,20160310
603920,世运电路,20170426
603922,金鸿顺,20171023
603926,铁流股份,20170510
603927,中科软,20190909
603928,兴业股份,20161212
603929,亚翔集成,20161230
603931,格林达,20200819
603933,睿能科技,20170706
603936,博敏电子,20151209
603937,丽岛新材,20171102
603938,三孚股份,20170628
603939,益丰药房,20150217
603948,建业股份,20200302
603949,雪龙集团,20200310
603950,长源东谷,20200526
603955,大千生态,20170310
603956,威派格,20190222
603958,哈森股份,20160629
603959,百利科技,20160517
603960,克来机电,20170314
603963,大理药业,20170922
603966,法兰泰克,20170125
603967,中创物流,20190429
603968,醋化股份,20150518
603969,银龙股份,20150227
603970,中农立华,20171116
603976,正川股份,20170822
603977,国泰集团,20161111
603978,深圳新星,20170807
603979,金诚信,20150630
603980,吉华集团,20170615
603982,泉峰汽车,20190522
603983,丸美股份,20190725
603985,恒润股份,20170505
603986,兆易创新,20160818
603987,康德莱,20161121
603988,中电电机,20141104
603989,艾华集团,20150515
603990,麦迪科技,20161208
603991,至正股份,20170308
603992,松霖科技,20190826
603993,洛阳钼业,20121009
603995,甬金股份,20191224
603997,继峰股份,20150302
603998,方盛制药,20141205
603999,读者传媒,20151210
605001,威奥股份,20200522
605003,众望布艺,20200908
605005,合兴股份,20210119
605006,山东玻纤,20200903
605007,五洲特纸,20201110
605008,长鸿高科,20200821
605009,豪悦护理,20200911
605011,杭州热电,20210630
605016,百龙创园,20210421
605018,长华集团,20200929
605020,永和股份,20210709
605028,世茂能源,20210712
605033,美邦股份,20210916
605050,福然德,20200924
605055,迎丰股份,20210129
605056,咸亨国际,20210720
605058,澳弘电子,20201021
605060,联德股份,20210301
605066,天正电气,20200807
605068,明新旭腾,20201123
605069,正和生态,20210816
605077,华康股份,20210209
605080,浙江自然,20210506
605081,太和水,20210209
605086,龙高股份,20210416
605088,冠盛股份,20200817
605089,味知香,20210427
605090,九丰能源,20210525
605098,行动教育,20210421
605099,共创草坪,20200930
605100,华丰股份,20200811
605108,同庆楼,20200716
605111,新洁能,20200928
605116,奥锐特,20200921
605117,德业股份,20210420
605118,力鼎光电,20200730
605122,四方新材,20210310
605123,派克新材,20200825
605128,上海沿浦,20200915
605133,嵘泰股份,20210224
605136,丽人丽妆,20200929
605138,盛泰集团,20211027
605151,西上海,20201215
605155,西大门,20201231
605158,华达新材,20200805
605162,新中港,20210707
605166,聚合顺,20200618
605167,利柏特,20210726
605168,三人行,20200528
605169,洪通燃气,20201030
605177,东亚药业,20201125
605178,时空科技,20200821
605179,一鸣食品,20201228
605180,华生科技,20210430
605183,确成股份,20201207
605186,健麾信息,20201222
605188,国光连锁,20200728
605189,富春染织,20210528
605196,华通线缆,20210511
605198,安德利,20200918
605199,葫芦娃,20200710
605208,永茂泰,20210308
605218,伟时电子,20200928
605222,起帆电缆,20200731
605228,神通科技,20210120
605255,天普股份,20200825
605258,协和电子,20201203
605259,绿田机械,20210615
605266,健之佳,20201201
605268,王力安防,20210224
605277,新亚电子,20210106
605286,同力日升,20210322
605287,德才股份,20210706
605288,凯迪股份,20200601
605289,罗曼股份,20210426
605296,神农集团,20210528
605298,必得科技,20210301
605299,舒华体育,20201215
605300,佳禾食品,20210430
605303,园林股份,20210301
605305,中际联合,20210506
605318,法狮龙,20200803
605319,无锡振华,20210607
605333,沪光股份,20200818
605336,帅丰电器,20201019
605337,李子园,20210208
605338,巴比食品,20201012
605339,南侨食品,20210518
605358,立昂微,20200911
605365,立达信,20210720
605366,宏柏新材,20200812
605368,蓝天燃气,20210129
605369,拱东医疗,20200916
605376,博迁新材,20201208
605377,华旺科技,20201228
605378,野马电池,20210412
605388,均瑶健康,20200818
605389,长龄液压,20210322
605398,新炬网络,20210121
605399,晨光新材,20200804
605488,福莱新材,20210513
605499,东鹏饮料,20210527
605500,森林包装,20201222
605507,国邦医药,20210802
605555,德昌股份,20211021
605566,福莱蒽特,20211025
605567,春雪食品,20211013
605577,龙版传媒,20210824
605580,恒盛能源,20210819
605588,冠石科技,20210812
605589,圣泉集团,20210810
605598,上海港湾,20210917
605599,菜百股份,20210909
000001,平安银行,19910403
000002,万  科Ａ,19910129
000004,国华网安,19901201
000006,深振业Ａ,19920427
000007,星ST全新,19920413
000008,神州高铁,19920507
000009,中国宝安,19910625
000010,美丽生态,19951027
000011,深物业A,19920330
000012,南  玻Ａ,19920228
000014,沙河股份,19920602
000016,深康佳Ａ,19920327
000017,深中华A,19920331
000019,深粮控股,19921012
000020,深华发Ａ,19920428
000021,深科技,19940202
000023,星ST深天,19930429
000025,特  力Ａ,19930621
000026,飞亚达,19930603
000027,深圳能源,19930903
000028,国药一致,19930809
000029,深深房Ａ,19930915
000030,富奥股份,19930929
000031,大悦城,19931008
000032,深桑达Ａ,19931028
000034,神州数码,19940509
000035,中国天楹,19940408
000036,华联控股,19940617
000037,深南电A,19940701
000039,中集集团,19940408
000040,东旭蓝天,19940808
000042,中洲控股,19940921
000045,深纺织Ａ,19940815
000048,京基智农,19941101
000049,德赛电池,19950320
000050,深天马Ａ,19950315
000055,方大集团,19960415
000056,皇庭国际,19960708
000058,深 赛 格,19961226
000059,华锦股份,19970130
000060,中金岭南,19970123
000061,农 产 品,19970110
000062,深圳华强,19970130
000063,中兴通讯,19971118
000065,北方国际,19980605
000066,中国长城,19970626
000068,华控赛格,19970611
000069,华侨城Ａ,19970910
000070,特发信息,20000511
000078,海王生物,19981218
000088,盐 田 港,19970728
000089,深圳机场,19980420
000090,天健集团,19990721
000096,广聚能源,20000724
000099,中信海直,20000731
000100,TCL科技,20040130
000151,中成股份,20000906
000153,丰原药业,20000920
000155,川能动力,20000926
000156,华数传媒,20000906
000157,中联重科,20001012
000158,常山北明,20000724
000159,国际实业,20000926
000166,申万宏源,20150126
000301,东方盛虹,20000529
000333,美的集团,20130918
000338,潍柴动力,20070430
000400,许继电气,19970418
000401,冀东水泥,19960614
000402,金 融 街,19960626
000403,派林生物,19960628
000404,长虹华意,19960619
000407,胜利股份,19960703
000408,藏格矿业,19960628
000409,云鼎科技,19960627
000410,沈阳机床,19960718
000411,英特集团,19960716
000413,东旭光电,19960925
000415,渤海租赁,19960716
000416,星ST民控,19960719
000417,合肥百货,19960812
000419,通程控股,19960816
000420,吉林化纤,19960802
000421,南京公用,19960806
000422,湖北宜化,19960815
000423,东阿阿胶,19960729
000425,徐工机械,19960828
000426,兴业银锡,19960828
000428,华天酒店,19960808
000429,粤高速Ａ,19980220
000430,张家界,19960829
000488,晨鸣纸业,20001120
000498,山东路桥,19970609
000501,武商集团,19921120
000503,国新健康,19921130
000504,南华生物,19921208
000505,京粮控股,19921221
000506,星ST中润,19930312
000507,珠海港,19930326
000509,华塑控股,19930507
000510,新金路,19930507
000513,丽珠集团,19931028
000514,渝 开 发,19930712
000516,国际医学,19930809
000517,荣安地产,19930806
000518,四环生物,19930908
000519,中兵红箭,19931008
000520,凤凰航运,19931025
000521,长虹美菱,19931018
000523,红棉股份,19931108
000524,岭南控股,19931118
000525,ST红太阳,19931028
000526,学大教育,19931101
000528,柳    工,19931118
000529,广弘控股,19931118
000530,冰山冷热,19931208
000531,穗恒运Ａ,19940106
000532,华金资本,19940103
000533,顺钠股份,19940103
000534,万泽股份,19940110
000536,华映科技,19931126
000537,中绿电,19931210
000538,云南白药,19931215
000539,粤电力Ａ,19931126
000541,佛山照明,19931123
000543,皖能电力,19931220
000544,中原环保,19931208
000545,金浦钛业,19931215
000546,金圆股份,19931215
000547,航天发展,19931130
000548,湖南投资,19931220
000550,江铃汽车,19931201
000551,创元科技,19940106
000552,甘肃能化,19940106
000553,安道麦A,19931203
000554,泰山石油,19931215
000555,神州信息,19940408
000557,西部创业,19940617
000558,莱茵体育,19940509
000559,万向钱潮,19940110
000560,我爱我家,19940202
000561,烽火电子,19940509
000563,陕国投Ａ,19940110
000564,ST大集,19940110
000565,渝三峡Ａ,19940408
000566,海南海药,19940525
000567,海德股份,19940525
000568,泸州老窖,19940509
000570,苏常柴Ａ,19940701
000571,新大洲A,19940525
000572,海马汽车,19940808
000573,粤宏远Ａ,19940815
000576,甘化科工,19940907
000581,威孚高科,19980924
000582,北部湾港,19951102
000584,星ST工智,19951128
000586,汇源通信,19951220
000589,贵州轮胎,19960308
000590,启迪药业,19960119
000591,太阳能,19960208
000592,平潭发展,19960327
000593,德龙汇能,19960312
000595,宝塔实业,19960419
000596,古井贡酒,19960927
000597,东北制药,19960523
000598,兴蓉环境,19960529
000599,青岛双星,19960430
000600,建投能源,19960606
000601,韶能股份,19960830
000603,盛达资源,19960823
000605,渤海股份,19960913
000607,华媒控股,19960830
000608,阳光股份,19960919
000609,星ST中迪,19961010
000610,西安旅游,19960926
000612,焦作万方,19960926
000615,星ST美谷,19961016
000617,中油资本,19961022
000619,海螺新材,19961023
000620,星ST新联,19961029
000622,星ST恒立,19961107
000623,吉林敖东,19961028
000625,长安汽车,19970610
000626,远大控股,19961128
000627,天茂集团,19961112
000628,高新发展,19961118
000629,钒钛股份,19961115
000630,铜陵有色,19961120
000631,顺发恒业,19961122
000632,三木集团,19961121
000633,合金投资,19961112
000635,英 力 特,19961120
000636,风华高科,19961129
000637,ST实华,19961114
000638,万方发展,19961126
000639,西王食品,19961126
000650,仁和药业,19961210
000651,格力电器,19961118
000652,泰达股份,19961128
000655,金岭矿业,19961128
000656,星ST金科,19961128
000657,中钨高新,19961205
000659,珠海中富,19961203
000661,长春高新,19961218
000663,永安林业,19961206
000665,湖北广电,19961210
000668,荣丰控股,19961210
000669,ST金鸿,19961210
000670,盈方微,19961217
000672,上峰水泥,19961218
000676,智度股份,19961224
000677,恒天海龙,19961226
000678,襄阳轴承,19970106
000679,大连友谊,19970124
000680,山推股份,19970122
000681,视觉中国,19970121
000682,东方电子,19970121
000683,远兴能源,19970131
000685,中山公用,19970123
000686,东北证券,19970227
000688,国城矿业,19970120
000690,宝新能源,19970128
000691,亚太实业,19970228
000692,星ST惠天,19970227
000695,滨海能源,19970218
000697,星ST炼石,19970325
000698,沈阳化工,19970220
000700,模塑科技,19970228
000701,厦门信达,19970226
000702,正虹科技,19970318
000703,恒逸石化,19970328
000705,浙江震元,19970410
000707,双环科技,19970415
000708,中信特钢,19970326
000709,河钢股份,19970416
000710,贝瑞基因,19970422
000711,星ST京蓝,19970411
000712,锦龙股份,19970415
000713,丰乐种业,19970422
000715,中兴商业,19970508
000716,黑芝麻,19970418
000717,中南股份,19970508
000718,苏宁环球,19970408
000719,中原传媒,19970331
000720,新能泰山,19970509
000721,西安饮食,19970430
000722,湖南发展,19970522
000723,美锦能源,19970515
000725,京东方Ａ,20010112
000726,鲁  泰Ａ,20001225
000727,冠捷科技,19970520
000728,国元证券,19970616
000729,燕京啤酒,19970716
000731,四川美丰,19970617
000733,振华科技,19970703
000735,罗 牛 山,19970611
000736,中交地产,19970425
000737,北方铜业,19970428
000738,航发控制,19970626
000739,普洛药业,19970509
000750,国海证券,19970709
000751,锌业股份,19970626
000752,星ST西发,19970625
000753,漳州发展,19970626
000755,山西高速,19970627
000756,新华制药,19970806
000757,浩物股份,19970627
000758,中色股份,19970416
000759,中百集团,19970519
000761,本钢板材,19980115
000762,西藏矿业,19970708
000766,通化金马,19970430
000767,晋控电力,19970609
000768,中航西飞,19970626
000776,广发证券,19970611
000777,中核科技,19970710
000778,新兴铸管,19970606
000779,甘咨询,19970528
000782,美达股份,19970619
000783,长江证券,19970731
000785,居然之家,19970711
000786,北新建材,19970606
000788,北大医药,19970616
000789,万年青,19970923
000790,华神科技,19980327
000791,甘肃能源,19971014
000792,盐湖股份,19970904
000793,华闻集团,19970729
000795,英洛华,19970808
000796,星ST凯撒,19970703
000797,中国武夷,19970715
000798,中水渔业,19980212
000799,酒鬼酒,19970718
000800,一汽解放,19970618
000801,四川九洲,19980506
000802,北京文化,19980108
000803,山高环能,19980303
000807,云铝股份,19980408
000809,星ST 新城,19980616
000810,创维数字,19980602
000811,冰轮环境,19980528
000812,陕西金叶,19980623
000813,德展健康,19980519
000815,美利云,19980609
000816,智慧农业,19970818
000818,航锦科技,19971017
000819,岳阳兴长,19970625
000820,神雾节能,19980630
000821,京山轻机,19980626
000822,山东海化,19980703
000823,超声电子,19971008
000825,太钢不锈,19981021
000826,启迪环境,19980225
000828,东莞控股,19970617
000829,天音控股,19971202
000830,鲁西化工,19980807
000831,中国稀土,19980911
000833,粤桂股份,19981111
000836,ST富通,19970929
000837,秦川机床,19980928
000838,财信发展,19970626
000839,ST国安,19971031
000848,承德露露,19971113
000850,华茂股份,19981007
000851,ST高鸿,19980609
000852,石化机械,19981126
000856,冀东装备,19980813
000858,五 粮 液,19980427
000859,国风新材,19981119
000860,顺鑫农业,19981104
000861,海印股份,19981028
000862,银星能源,19980915
000863,三湘印象,19970925
000868,安凯客车,19970725
000869,张  裕Ａ,20001026
000875,吉电股份,20020926
000876,新 希 望,19980311
000877,天山股份,19990107
000878,云南铜业,19980602
000880,潍柴重机,19980402
000881,中广核技,19980902
000882,华联股份,19980616
000883,湖北能源,19980519
000885,城发环境,19990319
000886,海南高速,19980123
000887,中鼎股份,19981203
000888,峨眉山Ａ,19971021
000889,ST中嘉,19971218
000890,法尔胜,19990119
000892,欢瑞世纪,19990115
000893,亚钾国际,19981224
000895,双汇发展,19981210
000897,津滨发展,19990422
000898,鞍钢股份,19971225
000899,赣能股份,19971126
000900,现代投资,19990128
000901,航天科技,19990401
000902,新洋丰,19990408
000903,云内动力,19990415
000905,厦门港务,19990429
000906,浙商中拓,19990707
000908,星ST景峰,19990203
000909,ST数源,19990507
000910,大亚圣象,19990630
000911,广农糖业,19990527
000912,泸天化,19990603
000913,钱江摩托,19990514
000915,华特达因,19990609
000917,电广传媒,19990325
000919,金陵药业,19991118
000920,沃顿科技,19990616
000921,海信家电,19990713
000922,佳电股份,19990618
000923,河钢资源,19990714
000925,众合科技,19990611
000926,福星股份,19990618
000927,中国铁物,19990727
000928,中钢国际,19990312
000929,兰州黄河,19990623
000930,中粮科技,19990712
000931,中 关 村,19990712
000932,华菱钢铁,19990803
000933,神火股份,19990831
000935,四川双马,19990824
000936,华西股份,19990810
000937,冀中能源,19990909
000938,紫光股份,19991104
000948,南天信息,19991014
000949,新乡化纤,19991021
000950,重药控股,19990916
000951,中国重汽,19991125
000952,广济药业,19991112
000953,河化股份,19991202
000955,欣龙控股,19991209
000957,中通客车,20000113
000958,电投产融,19991223
000959,首钢股份,19991216
000960,锡业股份,20000221
000961,ST中南,20000301
000962,东方钽业,20000120
000963,华东医药,20000127
000965,天保基建,20000406
000966,长源电力,20000316
000967,盈峰环境,20000330
000968,蓝焰控股,20000622
000969,安泰科技,20000529
000970,中科三环,20000420
000971,星ST高升,20000427
000972,中基健康,20000926
000973,佛塑科技,20000525
000975,银泰黄金,20000608
000976,ST华铁,20000601
000977,浪潮信息,20000608
000978,桂林旅游,20000518
000980,众泰汽车,20000616
000981,山子高科,20000622
000982,中银绒业,20000706
000983,山西焦煤,20000726
000985,大庆华科,20000726
000987,越秀资本,20000718
000988,华工科技,20000608
000989,ST九芝,20000628
000990,诚志股份,20000706
000993,闽东电力,20000731
000995,皇台酒业,20000807
000996,星ST中期,20000718
000997,新 大 陆,20000807
000998,隆平高科,20001211
000999,华润三九,20000309
001201,东瑞股份,20210428
001202,炬申股份,20210429
001203,大中矿业,20210510
001205,盛航股份,20210513
001206,依依股份,20210518
001207,联科科技,20210623
001208,华菱线缆,20210624
001209,洪兴股份,20210723
001210,金房能源,20210729
001211,双枪科技,20210805
001212,中旗新材,20210823
001213,中铁特货,20210908
001215,千味央厨,20210906
001216,华瓷股份,20211019
001217,华尔泰,20210929
001218,丽臣实业,20211015
001219,青岛食品,20211021
001222,源飞宠物,20220818
001223,欧克科技,20221212
001225,和泰机电,20230222
001226,拓山重工,20220622
001227,兰州银行,20220117
001228,永泰运,20220429
001229,魅视科技,20220808
001230,劲旅环境,20220715
001231,农心科技,20220819
001234,泰慕士,20220111
001236,弘业期货,20220805
001238,浙江正特,20220919
001239,永达股份,20231212
001255,博菲电气,20220930
001256,炜冈科技,20221205
001258,立新能源,20220727
001259,利仁科技,20220831
001260,坤泰股份,20230216
001266,宏英智能,20220228
001267,汇绿生态,20211117
001268,联合精密,20220630
001269,欧晶科技,20220930
001270,铖昌科技,20220606
001278,一彬科技,20230308
001282,三联锻造,20230524
001283,豪鹏科技,20220905
001286,陕西能源,20230410
001287,中电港,20230410
001288,运机集团,20211101
001289,龙源电力,20220124
001296,长江材料,20211224
001298,好上好,20221031
001299,美能能源,20221031
001300,三柏硕,20221019
001301,尚太科技,20221228
001306,夏厦精密,20231116
001308,康冠科技,20220318
001309,德明利,20220701
001311,多利科技,20230227
001313,粤海饲料,20220216
001314,亿道信息,20230214
001316,润贝航科,20220624
001317,三羊马,20211130
001318,阳光乳业,20220520
001319,铭科精技,20220512
001322,箭牌家居,20221026
001323,慕思股份,20220623
001324,长青科技,20230522
001326,联域股份,20231109
001328,登康口腔,20230410
001330,博纳影业,20220818
001331,胜通能源,20220908
001332,锡装股份,20220920
001333,光华股份,20221208
001336,楚环科技,20220725
001337,四川黄金,20230303
001338,永顺泰,20221116
001339,智微智能,20220815
001358,兴欣新材,20231221
001359,平安电工,20240328
001360,南矿集团,20230410
001366,播恩集团,20230307
001367,海森药业,20230410
001368,通达创智,20230313
001373,翔腾新材,20230601
001376,百通能源,20231103
001378,德冠新材,20231030
001379,腾达科技,20240119
001380,华纬科技,20230516
001387,雪祺电气,20240111
001389,广合科技,20240402
001696,宗申动力,19970306
001872,招商港口,19930505
001896,豫能控股,19980122
001914,招商积余,19940928
001965,招商公路,20171225
001979,招商蛇口,20151230
002001,新 和 成,20040625
002003,伟星股份,20040625
002004,华邦健康,20040625
002005,ST德豪,20040625
002006,精工科技,20040625
002007,华兰生物,20040625
002008,大族激光,20040625
002009,天奇股份,20040629
002010,传化智联,20040629
002011,盾安环境,20040705
002012,凯恩股份,20040705
002014,永新股份,20040708
002015,协鑫能科,20040708
002016,世荣兆业,20040708
002017,东信和平,20040713
002019,亿帆医药,20040713
002020,京新药业,20040715
002021,星ST中捷,20040715
002022,科华生物,20040721
002023,海特高新,20040721
002024,ST易购,20040721
002025,航天电器,20040726
002026,山东威达,20040727
002027,分众传媒,20040804
002028,思源电气,20040805
002029,七 匹 狼,20040806
002030,达安基因,20040809
002031,巨轮智能,20040816
002032,苏 泊 尔,20040817
002033,丽江股份,20040825
002034,旺能环境,20040826
002035,华帝股份,20040901
002036,联创电子,20040903
002037,保利联合,20040908
002038,双鹭药业,20040909
002039,黔源电力,20050303
002040,南 京 港,20050325
002041,登海种业,20050418
002042,华孚时尚,20050427
002043,兔 宝 宝,20050510
002044,美年健康,20050518
002045,国光电器,20050523
002046,国机精工,20050526
002047,宝鹰股份,20050531
002048,宁波华翔,20050603
002049,紫光国微,20050606
002050,三花智控,20050607
002051,中工国际,20060619
002052,星ST同洲,20060627
002053,云南能投,20060627
002054,德美化工,20060725
002055,得润电子,20060725
002056,横店东磁,20060802
002057,中钢天源,20060802
002058,威尔泰,20060802
002059,云南旅游,20060810
002060,广东建工,20060810
002061,浙江交科,20060816
002062,宏润建设,20060816
002063,远光软件,20060823
002064,华峰化学,20060823
002065,东华软件,20060823
002066,瑞泰科技,20060823
002067,景兴纸业,20060915
002068,黑猫股份,20060915
002069,獐子岛,20060928
002072,凯瑞德,20061018
002073,软控股份,20061018
002074,国轩高科,20061018
002075,沙钢股份,20061025
002076,星光股份,20061025
002077,大港股份,20061116
002078,太阳纸业,20061116
002079,苏州固锝,20061116
002080,中材科技,20061120
002081,金 螳 螂,20061120
002082,万邦德,20061120
002083,孚日股份,20061124
002084,海鸥住工,20061124
002085,万丰奥威,20061128
002086,星ST东洋,20061128
002087,星ST新纺,20061130
002088,鲁阳节能,20061130
002090,金智科技,20061208
002091,江苏国泰,20061208
002092,中泰化学,20061208
002093,国脉科技,20061215
002094,青岛金王,20061215
002095,生 意 宝,20061215
002096,易普力,20061222
002097,山河智能,20061222
002098,浔兴股份,20061222
002099,海翔药业,20061226
002100,天康生物,20061226
002101,广东鸿图,20061229
002102,能特科技,20061229
002103,广博股份,20070110
002104,恒宝股份,20070110
002105,信隆健康,20070112
002106,莱宝高科,20070112
002107,沃华医药,20070124
002108,沧州明珠,20070124
002109,兴化股份,20070126
002110,三钢闽光,20070126
002111,威海广泰,20070126
002112,三变科技,20070208
002114,罗平锌电,20070215
002115,三维通信,20070215
002116,中国海诚,20070215
002117,东港股份,20070302
002119,康强电子,20070302
002120,韵达股份,20070306
002121,科陆电子,20070306
002122,汇洲智能,20070328
002123,梦网科技,20070328
002124,ST天邦,20070403
002125,湘潭电化,20070403
002126,银轮股份,20070418
002127,南极电商,20070418
002128,电投能源,20070418
002129,TCL中环,20070420
002130,沃尔核材,20070420
002131,利欧股份,20070427
002132,恒星科技,20070427
002133,广宇集团,20070427
002134,天津普林,20070516
002135,东南网架,20070530
002136,安 纳 达,20070530
002137,实益达,20070613
002138,顺络电子,20070613
002139,拓邦股份,20070629
002140,东华科技,20070712
002141,星ST贤丰,20070720
002142,宁波银行,20070719
002144,宏达高科,20070803
002145,中核钛白,20070803
002146,荣盛发展,20070808
002148,北纬科技,20070810
002149,西部材料,20070810
002150,通润装备,20070810
002151,北斗星通,20070813
002152,广电运通,20070813
002153,石基信息,20070813
002154,报 喜 鸟,20070816
002155,湖南黄金,20070816
002156,通富微电,20070816
002157,星ST 正邦,20070817
002158,汉钟精机,20070817
002159,三特索道,20070817
002160,常铝股份,20070821
002161,远 望 谷,20070821
002162,悦心健康,20070823
002163,海南发展,20070823
002164,宁波东力,20070823
002165,红 宝 丽,20070913
002166,莱茵生物,20070913
002167,东方锆业,20070913
002168,惠程科技,20070919
002169,智光电气,20070919
002170,芭田股份,20070919
002171,楚江新材,20070921
002172,澳洋健康,20070921
002173,创新医疗,20070925
002174,游族网络,20070925
002175,东方智造,20071012
002176,江特电机,20071012
002177,御银股份,20071101
002178,延华智能,20071101
002179,中航光电,20071101
002180,纳思达,20071113
002181,粤 传 媒,20071116
002182,宝武镁业,20071113
002183,怡 亚 通,20071113
002184,海得控制,20071116
002185,华天科技,20071120
002186,全 聚 德,20071120
002187,广百股份,20071122
002188,中天服务,20071122
002189,中光学,20071203
002190,成飞集成,20071203
002191,劲嘉股份,20071205
002192,融捷股份,20071205
002193,如意集团,20071207
002194,武汉凡谷,20071207
002195,岩山科技,20071212
002196,方正电机,20071212
002197,ST证通,20071218
002198,嘉应制药,20071218
002199,东晶电子,20071221
002200,ST交投,20071221
002201,正威新材,20071226
002202,金风科技,20071226
002203,海亮股份,20080116
002204,大连重工,20080116
002205,国统股份,20080123
002206,海 利 得,20080123
002207,准油股份,20080128
002208,合肥城建,20080128
002209,达 意 隆,20080130
002210,飞马国际,20080130
002211,宏达新材,20080201
002212,天融信,20080201
002213,大为股份,20080201
002214,大立科技,20080218
002215,诺 普 信,20080218
002216,三全食品,20080220
002217,星ST合泰,20080220
002218,拓日新能,20080228
002219,新里程,20080306
002221,东华能源,20080306
002222,福晶科技,20080319
002223,鱼跃医疗,20080418
002224,三 力 士,20080425
002225,濮耐股份,20080425
002226,江南化工,20080506
002227,奥 特 迅,20080506
002228,合兴包装,20080508
002229,鸿博股份,20080508
002230,科大讯飞,20080512
002231,奥维通信,20080512
002232,启明信息,20080509
002233,塔牌集团,20080516
002234,民和股份,20080516
002235,安妮股份,20080516
002236,大华股份,20080520
002237,恒邦股份,20080520
002238,天威视讯,20080526
002239,奥特佳,20080522
002240,盛新锂能,20080523
002241,歌尔股份,20080522
002242,九阳股份,20080528
002243,力合科创,20080528
002244,滨江集团,20080529
002245,蔚蓝锂芯,20080605
002246,北化股份,20080605
002247,聚力文化,20080612
002248,华东数控,20080612
002249,大洋电机,20080619
002250,联化科技,20080619
002251,星ST步高,20080619
002252,上海莱士,20080623
002253,川大智胜,20080623
002254,泰和新材,20080625
002255,海陆重工,20080625
002256,兆新股份,20080625
002258,利尔化学,20080708
002259,ST升达,20080716
002261,拓维信息,20080723
002262,恩华药业,20080723
002263,大东南,20080728
002264,新 华 都,20080731
002265,建设工业,20080806
002266,浙富控股,20080806
002267,陕天然气,20080813
002268,电科网安,20080811
002269,美邦服饰,20080828
002270,华明装备,20080905
002271,东方雨虹,20080910
002272,川润股份,20080919
002273,水晶光电,20080919
002274,华昌化工,20080925
002275,桂林三金,20090710
002276,万马股份,20090710
002277,友阿股份,20090717
002278,神开股份,20090811
002279,久其软件,20090811
002280,ST联络,20090821
002281,光迅科技,20090821
002282,博深股份,20090821
002283,天润工业,20090821
002284,亚太股份,20090828
002285,世联行,20090828
002286,保龄宝,20090828
002287,奇正藏药,20090828
002288,星ST超华,20090903
002289,ST宇顺,20090903
002290,禾盛新材,20090903
002291,遥望科技,20090903
002292,奥飞娱乐,20090910
002293,罗莱生活,20090910
002294,信立泰,20090910
002295,精艺股份,20090929
002296,辉煌科技,20090929
002297,博云新材,20090929
002298,中电兴发,20090929
002299,圣农发展,20091021
002300,太阳电缆,20091021
002301,齐心集团,20091021
002302,西部建设,20091103
002303,美盈森,20091103
002304,洋河股份,20091106
002305,南国置业,20091106
002306,中科云网,20091111
002307,北新路桥,20091111
002308,威创股份,20091127
002309,星ST中利,20091127
002310,星ST东园,20091127
002311,海大集团,20091127
002312,川发龙蟒,20091203
002313,日海智能,20091203
002314,南山控股,20091203
002315,焦点科技,20091209
002316,亚联发展,20091209
002317,众生药业,20091211
002318,久立特材,20091211
002319,乐通股份,20091211
002320,海峡股份,20091216
002321,华英农业,20091216
002322,理工能科,20091218
002323,雅博股份,20091218
002324,普利特,20091218
002325,星ST洪涛,20091222
002326,永太科技,20091222
002327,富安娜,20091230
002328,新朋股份,20091230
002329,皇氏集团,20100106
002330,得利斯,20100106
002331,皖通科技,20100106
002332,仙琚制药,20100112
002333,罗普斯金,20100112
002334,英威腾,20100113
002335,科华数据,20100113
002336,星ST人乐,20100113
002337,赛象科技,20100115
002338,奥普光电,20100115
002339,积成电子,20100122
002340,格林美,20100122
002341,ST新纶,20100122
002342,巨力索具,20100126
002343,慈文传媒,20100126
002344,海宁皮城,20100126
002345,潮宏基,20100128
002346,柘中股份,20100128
002347,泰尔股份,20100128
002348,高乐股份,20100203
002349,精华制药,20100203
002350,北京科锐,20100203
002351,漫步者,20100205
002352,顺丰控股,20100205
002353,杰瑞股份,20100205
002354,天娱数科,20100209
002355,兴民智通,20100209
002356,赫美集团,20100209
002357,富临运业,20100210
002358,森源电气,20100210
002360,同德化工,20100303
002361,神剑股份,20100303
002362,汉王科技,20100303
002363,隆基机械,20100305
002364,中恒电气,20100305
002365,永安药业,20100305
002366,融发核电,20100312
002367,康力电梯,20100312
002368,太极股份,20100312
002369,卓翼科技,20100316
002370,亚太药业,20100316
002371,北方华创,20100316
002372,伟星新材,20100318
002373,千方科技,20100318
002374,中锐股份,20100318
002375,亚厦股份,20100323
002376,新北洋,20100323
002377,国创高新,20100323
002378,章源钨业,20100331
002379,宏创控股,20100331
002380,科远智慧,20100331
002381,双箭股份,20100402
002382,蓝帆医疗,20100402
002383,合众思壮,20100402
002384,东山精密,20100409
002385,大北农,20100409
002386,天原股份,20100409
002387,维信诺,20100413
002388,新亚制程,20100413
002389,航天彩虹,20100413
002390,信邦制药,20100416
002391,长青股份,20100416
002392,北京利尔,20100423
002393,力生制药,20100423
002394,联发股份,20100423
002395,双象股份,20100429
002396,星网锐捷,20100623
002397,梦洁股份,20100429
002398,垒知集团,20100506
002399,海普瑞,20100506
002400,省广集团,20100506
002401,中远海科,20100506
002402,和而泰,20100511
002403,爱仕达,20100511
002404,嘉欣丝绸,20100511
002405,四维图新,20100518
002406,远东传动,20100518
002407,多氟多,20100518
002408,齐翔腾达,20100518
002409,雅克科技,20100525
002410,广联达,20100525
002412,汉森制药,20100525
002413,雷科防务,20100528
002414,高德红外,20100716
002415,海康威视,20100528
002416,爱施德,20100528
002418,康盛股份,20100601
002419,天虹股份,20100601
002420,毅昌科技,20100601
002421,达实智能,20100603
002422,科伦药业,20100603
002423,中粮资本,20100603
002424,ST百灵,20100603
002425,凯撒文化,20100608
002426,胜利精密,20100608
002427,尤夫股份,20100608
002428,云南锗业,20100608
002429,兆驰股份,20100610
002430,杭氧股份,20100610
002431,棕榈股份,20100610
002432,九安医疗,20100610
002433,星ST太安,20100618
002434,万里扬,20100618
002435,ST长康,20100618
002436,兴森科技,20100618
002437,誉衡药业,20100623
002438,江苏神通,20100623
002439,启明星辰,20100623
002440,闰土股份,20100706
002441,众业达,20100706
002442,龙星化工,20100706
002443,金洲管道,20100706
002444,巨星科技,20100713
002445,中南文化,20100713
002446,盛路通信,20100713
002448,中原内配,20100716
002449,国星光电,20100716
002451,摩恩电气,20100720
002452,长高电新,20100720
002453,华软科技,20100720
002454,松芝股份,20100720
002455,百川股份,20100803
002456,欧菲光,20100803
002457,青龙管业,20100803
002458,益生股份,20100810
002459,晶澳科技,20100810
002460,赣锋锂业,20100810
002461,珠江啤酒,20100818
002462,嘉事堂,20100818
002463,沪电股份,20100818
002465,海格通信,20100831
002466,天齐锂业,20100831
002467,二六三,20100908
002468,申通快递,20100908
002469,三维化学,20100908
002470,金正大,20100908
002471,中超控股,20100910
002472,双环传动,20100910
002474,榕基软件,20100915
002475,立讯精密,20100915
002476,宝莫股份,20100915
002478,常宝股份,20100921
002479,富春环保,20100921
002480,新筑股份,20100921
002481,双塔食品,20100921
002482,星ST广田,20100929
002483,润邦股份,20100929
002484,江海股份,20100929
002485,ST雪发,20101015
002486,嘉麟杰,20101015
002487,大金重工,20101015
002488,金固股份,20101021
002489,浙江永强,20101021
002490,ST墨龙,20101021
002491,通鼎互联,20101021
002492,恒基达鑫,20101102
002493,荣盛石化,20101102
002494,华斯股份,20101102
002495,佳隆股份,20101102
002496,辉丰股份,20101109
002497,雅化集团,20101109
002498,汉缆股份,20101109
002500,山西证券,20101115
002501,利源股份,20101117
002502,ST鼎龙,20101117
002505,鹏都农牧,20101118
002506,协鑫集成,20101118
002507,涪陵榨菜,20101123
002508,老板电器,20101123
002510,天汽模,20101125
002511,中顺洁柔,20101125
002512,达华智能,20101203
002513,蓝丰生化,20101203
002514,宝馨科技,20101203
002515,金字火腿,20101203
002516,旷达科技,20101207
002517,恺英网络,20101207
002518,科士达,20101207
002519,银河电子,20101207
002520,日发精机,20101210
002521,齐峰新材,20101210
002522,浙江众成,20101210
002523,天桥起重,20101210
002524,光正眼科,20101217
002526,山东矿机,20101217
002527,新时达,20101224
002528,ST英飞拓,20101224
002529,海源复材,20101224
002530,金财互联,20101231
002531,天顺风能,20101231
002532,天山铝业,20101231
002533,金杯电工,20101231
002534,西子洁能,20110110
002535,林州重机,20110111
002536,飞龙股份,20110111
002537,海联金汇,20110110
002538,司尔特,20110118
002539,云图控股,20110118
002540,亚太科技,20110118
002541,鸿路钢构,20110118
002542,中化岩土,20110128
002543,万和电气,20110128
002544,普天科技,20110128
002545,东方铁塔,20110211
002546,新联电子,20110211
002547,春兴精工,20110218
002548,金新农,20110218
002549,凯美特气,20110218
002550,千红制药,20110218
002551,尚荣医疗,20110225
002552,宝鼎科技,20110225
002553,南方精工,20110225
002554,惠博普,20110225
002555,三七互娱,20110302
002556,辉隆股份,20110302
002557,洽洽食品,20110302
002558,巨人网络,20110302
002559,亚威股份,20110303
002560,通达股份,20110303
002561,徐家汇,20110303
002562,兄弟科技,20110310
002563,森马服饰,20110311
002564,星ST天沃,20110310
002565,顺灏股份,20110318
002566,益盛药业,20110318
002567,唐人神,20110325
002568,百润股份,20110325
002569,ST步森,20110412
002570,贝因美,20110412
002571,德力股份,20110412
002572,索菲亚,20110412
002573,清新环境,20110422
002574,明牌珠宝,20110422
002575,群兴玩具,20110422
002576,通达动力,20110428
002577,雷柏科技,20110428
002578,闽发铝业,20110428
002579,中京电子,20110506
002580,圣阳股份,20110506
002581,未名医药,20110520
002582,好想你,20110520
002583,海能达,20110527
002584,西陇科学,20110602
002585,双星新材,20110602
002586,星ST围海,20110602
002587,奥拓电子,20110610
002588,史丹利,20110610
002589,瑞康医药,20110610
002590,万安科技,20110610
002591,恒大高新,20110621
002592,ST八菱,20111111
002593,日上集团,20110628
002594,比亚迪,20110630
002595,豪迈科技,20110628
002596,海南瑞泽,20110707
002597,金禾实业,20110707
002598,山东章鼓,20110707
002599,盛通股份,20110715
002600,领益智造,20110715
002601,龙佰集团,20110715
002602,世纪华通,20110728
002603,以岭药业,20110728
002605,姚记科技,20110805
002606,大连电瓷,20110805
002607,中公教育,20110810
002608,江苏国信,20110810
002609,捷顺科技,20110815
002610,ST爱康,20110815
002611,东方精工,20110830
002612,朗姿股份,20110830
002613,北玻股份,20110830
002614,奥佳华,20110909
002615,哈尔斯,20110909
002616,长青集团,20110920
002617,露笑科技,20110920
002620,瑞和股份,20110929
002621,星ST美吉,20110929
002622,皓宸医疗,20111018
002623,亚玛顿,20111013
002624,完美世界,20111028
002625,光启技术,20111103
002626,金达威,20111028
002627,三峡旅游,20111103
002628,成都路桥,20111103
002629,仁智股份,20111103
002630,华西能源,20111111
002631,德尔未来,20111111
002632,道明光学,20111122
002633,申科股份,20111122
002634,棒杰股份,20111205
002635,安洁科技,20111125
002636,金安国纪,20111125
002637,赞宇科技,20111125
002638,勤上股份,20111125
002639,雪人股份,20111205
002640,跨境通,20111208
002641,公元股份,20111208
002642,荣联科技,20111220
002643,万润股份,20111220
002644,佛慈制药,20111222
002645,华宏科技,20111220
002646,天佑德酒,20111222
002647,仁东控股,20111228
002648,卫星化学,20111228
002649,博彦科技,20120106
002650,ST加加,20120106
002651,利君股份,20120106
002652,扬子新材,20120119
002653,海思科,20120117
002654,万润科技,20120217
002655,共达电声,20120217
002656,ST摩登,20120228
002657,中科金财,20120228
002658,雪迪龙,20120309
002659,凯文教育,20120309
002660,茂硕电源,20120316
002661,克明食品,20120316
002662,京威股份,20120309
002663,普邦股份,20120316
002664,信质集团,20120316
002665,ST航高,20120327
002666,德联集团,20120327
002667,威领股份,20120329
002668,TCL智家,20120416
002669,康达新材,20120416
002670,国盛金控,20120416
002671,龙泉股份,20120426
002672,东江环保,20120426
002673,西部证券,20120503
002674,兴业科技,20120507
002675,东诚药业,20120525
002676,顺威股份,20120525
002677,浙江美大,20120525
002678,珠江钢琴,20120530
002679,福建金森,20120605
002681,奋达科技,20120605
002682,龙洲股份,20120612
002683,广东宏大,20120612
002685,华东重机,20120612
002686,亿利达,20120703
002687,乔治白,20120713
002688,金河生物,20120713
002689,远大智能,20120717
002690,美亚光电,20120731
002691,冀凯股份,20120731
002692,远程股份,20120808
002693,双成药业,20120808
002694,顾地科技,20120816
002695,煌上煌,20120905
002696,百洋股份,20120905
002697,红旗连锁,20120905
002698,博实股份,20120911
002699,星ST美盛,20120911
002700,ST浩源,20120921
002701,奥瑞金,20121011
002702,海欣食品,20121011
002703,浙江世宝,20121102
002705,新宝股份,20140121
002706,良信股份,20140121
002707,众信旅游,20140123
002708,光洋股份,20140121
002709,天赐材料,20140123
002712,思美传媒,20140123
002713,东易日盛,20140219
002714,牧原股份,20140128
002715,登云股份,20140219
002716,湖南白银,20140128
002717,岭南股份,20140219
002718,友邦吊顶,20140128
002719,麦趣尔,20140128
002721,星ST金一,20140127
002722,物产金轮,20140128
002723,小崧股份,20140129
002724,海洋王,20141104
002725,跃岭股份,20140129
002726,龙大美食,20140626
002727,一心堂,20140702
002728,特一药业,20140731
002729,好利科技,20140912
002730,电光科技,20141009
002731,萃华珠宝,20141104
002732,燕塘乳业,20141205
002733,雄韬股份,20141203
002734,利民股份,20150127
002735,王子新材,20141203
002736,国信证券,20141229
002737,葵花药业,20141230
002738,中矿资源,20141230
002739,万达电影,20150122
002741,光华科技,20150216
002742,ST三圣,20150217
002743,富煌钢构,20150217
002745,木林森,20150217
002746,仙坛股份,20150216
002747,埃斯顿,20150320
002748,世龙实业,20150319
002749,国光股份,20150320
002750,星ST龙津,20150324
002752,昇兴股份,20150422
002753,永东股份,20150519
002755,奥赛康,20150515
002756,永兴材料,20150515
002757,南兴股份,20150527
002758,浙农股份,20150527
002759,天际股份,20150528
002760,凤形股份,20150611
002761,浙江建投,20150610
002762,金发拉比,20150610
002763,汇洁股份,20150610
002765,蓝黛科技,20150612
002766,索菱股份,20150611
002767,先锋电子,20150612
002768,国恩股份,20150630
002769,普路通,20150629
002771,真视通,20150629
002772,众兴菌业,20150626
002773,康弘药业,20150626
002774,快意电梯,20170324
002775,文科股份,20150629
002777,久远银海,20151231
002778,中晟高科,20160106
002779,中坚科技,20151209
002780,三夫户外,20151209
002782,可立克,20151222
002783,凯龙股份,20151209
002785,万里石,20151223
002786,银宝山新,20151223
002787,华源控股,20151231
002788,鹭燕医药,20160218
002789,建艺集团,20160311
002790,瑞尔特,20160308
002791,坚朗五金,20160329
002792,通宇通讯,20160328
002793,罗欣药业,20160415
002795,永和智控,20160428
002796,世嘉科技,20160510
002797,第一创业,20160511
002798,帝欧家居,20160525
002799,环球印务,20160608
002800,ST天顺,20160530
002801,微光股份,20160622
002802,洪汇新材,20160629
002803,吉宏股份,20160712
002805,丰元股份,20160707
002806,华锋股份,20160726
002807,江阴银行,20160902
002808,ST恒久,20160812
002809,红墙股份,20160823
002810,山东赫达,20160826
002811,郑中设计,20160908
002812,恩捷股份,20160914
002813,路畅科技,20161012
002815,崇达技术,20161012
002816,星ST和科,20161025
002817,黄山胶囊,20161025
002818,富森美,20161109
002819,东方中科,20161111
002820,桂发祥,20161118
002821,凯莱英,20161118
002822,ST中装,20161129
002823,凯中精密,20161124
002824,和胜股份,20170112
002825,纳尔股份,20161129
002826,易明医药,20161209
002827,高争民爆,20161209
002828,贝肯能源,20161208
002829,星网宇达,20161213
002830,名雕股份,20161213
002831,裕同科技,20161216
002832,比音勒芬,20161223
002833,弘亚数控,20161228
002835,同为股份,20161228
002836,新宏泽,20161229
002837,英维克,20161229
002838,道恩股份,20170106
002839,张家港行,20170124
002840,华统股份,20170110
002841,视源股份,20170119
002842,翔鹭钨业,20170119
002843,泰嘉股份,20170120
002845,同兴达,20170125
002846,英联股份,20170207
002847,盐津铺子,20170208
002848,高斯贝尔,20170213
002849,威星智能,20170217
002850,科达利,20170302
002851,麦格米特,20170306
002852,道道全,20170310
002853,皮阿诺,20170310
002855,捷荣技术,20170321
002856,美芝股份,20170320
002857,三晖电气,20170323
002858,力盛体育,20170324
002859,洁美科技,20170407
002860,星帅尔,20170412
002861,瀛通通讯,20170413
002862,实丰文化,20170411
002863,今飞凯达,20170418
002864,盘龙药业,20171116
002865,钧达股份,20170425
002866,传艺科技,20170426
002867,周大生,20170427
002868,绿康生化,20170503
002869,金溢科技,20170515
002870,香山股份,20170515
002871,伟隆股份,20170511
002872,ST天圣,20170519
002873,新天药业,20170519
002875,安奈儿,20170601
002876,三利谱,20170525
002877,智能自控,20170605
002878,元隆雅图,20170606
002879,长缆科技,20170707
002880,卫光生物,20170616
002881,美格智能,20170622
002882,金龙羽,20170717
002883,中设股份,20170620
002884,凌霄泵业,20170711
002885,京泉华,20170627
002886,沃特股份,20170627
002887,绿茵生态,20170801
002888,惠威科技,20170721
002889,东方嘉盛,20170731
002890,弘宇股份,20170802
002891,中宠股份,20170821
002892,科力尔,20170817
002893,京能热力,20170915
002895,川恒股份,20170825
002896,中大力德,20170829
002897,意华股份,20170907
002898,赛隆药业,20170912
002899,英派斯,20170915
002900,哈三联,20170922
002901,大博医疗,20170922
002902,铭普光磁,20170929
002903,宇环数控,20171013
002905,金逸影视,20171016
002906,华阳集团,20171013
002907,华森制药,20171020
002908,德生科技,20171020
002909,集泰股份,20171026
002910,庄园牧场,20171031
002911,佛燃能源,20171122
002912,中新赛克,20171121
002913,奥士康,20171201
002915,中欣氟材,20171205
002916,深南电路,20171213
002917,金奥博,20171208
002918,蒙娜丽莎,20171219
002919,名臣健康,20171218
002920,德赛西威,20171226
002921,联诚精密,20171227
002922,伊戈尔,20171229
002923,润都股份,20180105
002925,盈趣科技,20180115
002926,华西证券,20180205
002927,泰永长征,20180223
002928,华夏航空,20180302
002929,润建股份,20180301
002930,宏川智慧,20180328
002931,锋龙股份,20180403
002932,明德生物,20180710
002933,新兴装备,20180828
002935,天奥电子,20180903
002936,郑州银行,20180919
002937,兴瑞科技,20180926
002938,鹏鼎控股,20180918
002939,长城证券,20181026
002940,昂利康,20181023
002941,新疆交建,20181128
002942,新农股份,20181205
002943,宇晶股份,20181129
002945,华林证券,20190117
002946,新乳业,20190125
002947,恒铭达,20190201
002948,青岛银行,20190116
002949,华阳国际,20190226
002950,奥美医疗,20190311
002951,星ST金时,20190315
002952,亚世光电,20190328
002953,日丰股份,20190509
002955,鸿合科技,20190523
002956,西麦食品,20190619
002957,科瑞技术,20190726
002958,青农商行,20190326
002959,小熊电器,20190823
002960,青鸟消防,20190809
002961,瑞达期货,20190905
002962,五方光电,20190917
002963,豪尔赛,20191028
002965,祥鑫科技,20191025
002966,苏州银行,20190802
002967,广电计量,20191108
002968,新大正,20191203
002969,嘉美包装,20191202
002970,锐明技术,20191217
002971,和远气体,20200113
002972,科安达,20191227
002973,侨银股份,20200106
002975,博杰股份,20200205
002976,瑞玛精密,20200306
002977,天箭科技,20200317
002978,安宁股份,20200417
002979,雷赛智能,20200408
002980,华盛昌,20200415
002981,朝阳科技,20200417
002982,湘佳股份,20200424
002983,芯瑞达,20200428
002984,森麒麟,20200911
002985,北摩高科,20200429
002986,宇新股份,20200602
002987,京北方,20200507
002988,豪美新材,20200518
002989,中天精装,20200610
002990,盛视科技,20200525
002991,甘源食品,20200731
002992,宝明科技,20200803
002993,奥海科技,20200817
002995,天地在线,20200805
002996,顺博合金,20200828
002997,瑞鹄模具,20200903
002998,优彩资源,20200925
002999,天禾股份,20200903
003000,劲仔食品,20200914
003001,中岩大地,20201013
003002,壶化股份,20200922
003003,天元股份,20200921
003004,声迅股份,20201126
003005,竞业达,20200922
003006,百亚股份,20200921
003007,直真科技,20200923
003008,开普检测,20200923
003009,中天火箭,20200925
003010,若羽臣,20200925
003011,海象新材,20200930
003012,东鹏控股,20201019
003013,地铁设计,20201022
003015,日久光电,20201021
003016,欣贺股份,20201026
003017,大洋生物,20201026
003018,金富科技,20201106
003019,宸展光电,20201117
003020,立方制药,20201215
003021,兆威机电,20201204
003022,联泓新科,20201208
003023,彩虹集团,20201211
003025,思进智能,20201211
003026,中晶科技,20201218
003027,同兴环保,20201218
003028,振邦智能,20201228
003029,吉大正元,20201224
003030,祖名股份,20210106
003031,中瓷电子,20210104
003032,传智教育,20210112
003033,征和工业,20210111
003035,南网能源,20210119
003036,泰坦股份,20210128
003037,三和管桩,20210204
003038,鑫铂股份,20210210
003039,顺控发展,20210308
003040,楚天龙,20210322
003041,真爱美家,20210406
003042,中农联合,20210406
003043,华亚智能,20210406
003816,中国广核,20190826
300001,特锐德,20091030
300002,神州泰岳,20091030
300003,乐普医疗,20091030
300004,南风股份,20091030
300005,探路者,20091030
300006,莱美药业,20091030
300007,汉威科技,20091030
300008,天海防务,20091030
300009,安科生物,20091030
300010,星ST豆神,20091030
300011,鼎汉技术,20091030
300012,华测检测,20091030
300013,星ST新宁,20091030
300014,亿纬锂能,20091030
300015,爱尔眼科,20091030
300016,北陆药业,20091030
300017,网宿科技,20091030
300018,中元股份,20091030
300019,硅宝科技,20091030
300020,星ST银江,20091030
300021,大禹节水,20091030
300022,吉峰科技,20091030
300024,机器人,20091030
300025,华星创业,20091030
300026,红日药业,20091030
300027,华谊兄弟,20091030
300029,ST天龙,20091225
300030,阳普医疗,20091225
300031,宝通科技,20091225
300032,金龙机电,20091225
300033,同花顺,20091225
300034,钢研高纳,20091225
300035,中科电气,20091225
300036,超图软件,20091225
300037,新宙邦,20100108
300039,上海凯宝,20100108
300040,九洲集团,20100108
300041,回天新材,20100108
300042,朗科科技,20100108
300043,星辉娱乐,20100120
300044,赛为智能,20100120
300045,华力创通,20100120
300046,台基股份,20100120
300047,天源迪科,20100120
300048,合康新能,20100120
300049,福瑞股份,20100120
300050,世纪鼎利,20100120
300051,琏升科技,20100211
300052,中青宝,20100211
300053,航宇微,20100211
300054,鼎龙股份,20100211
300055,万邦达,20100226
300056,中创环保,20100226
300057,万顺新材,20100226
300058,蓝色光标,20100226
300059,东方财富,20100319
300061,旗天科技,20100319
300062,中能电气,20100319
300063,天龙集团,20100326
300065,海兰信,20100326
300066,三川智慧,20100326
300067,安诺其,20100421
300068,南都电源,20100421
300069,金利华电,20100421
300070,碧水源,20100421
300071,福石控股,20100421
300072,海新能科,20100427
300073,当升科技,20100427
300074,华平股份,20100427
300075,数字政通,20100427
300076,GQY视讯,20100430
300077,国民技术,20100430
300078,思创医惠,20100430
300079,数码视讯,20100430
300080,易成新能,20100625
300081,恒信东方,20100520
300082,奥克股份,20100520
300083,创世纪,20100520
300084,海默科技,20100520
300085,银之杰,20100526
300086,康芝药业,20100526
300087,荃银高科,20100526
300088,长信科技,20100526
300091,金通灵,20100625
300092,科新机电,20100708
300093,金刚光伏,20100708
300094,国联水产,20100708
300095,华伍股份,20100728
300096,ST易联众,20100728
300097,智云股份,20100728
300098,高新兴,20100728
300099,尤洛卡,20100806
300100,双林股份,20100806
300101,振芯科技,20100806
300102,乾照光电,20100812
300103,达刚控股,20100812
300105,龙源技术,20100820
300106,西部牧业,20100820
300107,建新股份,20100820
300108,星ST吉药,20100825
300109,新开源,20100825
300110,华仁药业,20100825
300111,向日葵,20100827
300112,万讯自控,20100827
300113,顺网科技,20100827
300114,中航电测,20100827
300115,长盈精密,20100902
300116,星ST保力,20100902
300117,星ST嘉寓,20100902
300118,东方日升,20100902
300119,瑞普生物,20100917
300120,经纬辉开,20100917
300121,阳谷华泰,20100917
300122,智飞生物,20100928
300123,亚光科技,20100928
300124,汇川技术,20100928
300125,ST聆达,20101013
300126,锐奇股份,20101013
300127,银河磁体,20101013
300128,锦富技术,20101013
300129,泰胜风能,20101019
300130,新国都,20101019
300131,英唐智控,20101019
300132,青松股份,20101026
300133,华策影视,20101026
300134,大富科技,20101026
300135,宝利国际,20101026
300136,信维通信,20101105
300137,先河环保,20101105
300138,晨光生物,20101105
300139,晓程科技,20101112
300140,节能环境,20101112
300141,和顺电气,20101112
300142,沃森生物,20101112
300143,盈康生命,20101209
300144,宋城演艺,20101209
300145,中金环境,20101209
300146,汤臣倍健,20101215
300147,香雪制药,20101215
300148,天舟文化,20101215
300149,睿智医药,20101222
300150,世纪瑞尔,20101222
300151,昌红科技,20101222
300152,新动力,20101229
300153,科泰电源,20101229
300154,瑞凌股份,20101229
300155,安居宝,20110107
300157,新锦动力,20110107
300158,振东制药,20110107
300159,新研股份,20110107
300160,秀强股份,20110113
300161,华中数控,20110113
300162,雷曼光电,20110113
300163,ST先锋,20110113
300164,通源石油,20110113
300165,天瑞仪器,20110125
300166,东方国信,20110125
300167,星ST迪威,20110125
300168,万达信息,20110125
300169,天晟新材,20110125
300170,汉得信息,20110201
300171,东富龙,20110201
300172,中电环保,20110201
300173,福能东方,20110201
300174,元力股份,20110201
300175,朗源股份,20110215
300176,派生科技,20110215
300177,中海达,20110215
300179,四方达,20110215
300180,华峰超纤,20110222
300181,佐力药业,20110222
300182,捷成股份,20110222
300183,东软载波,20110222
300184,力源信息,20110222
300185,通裕重工,20110308
300187,永清环保,20110308
300188,国投智能,20110316
300189,神农科技,20110316
300190,维尔利,20110316
300191,潜能恒信,20110316
300192,科德教育,20110322
300193,佳士科技,20110322
300194,福安药业,20110322
300195,长荣股份,20110329
300196,长海股份,20110329
300197,节能铁汉,20110329
300198,纳川股份,20110407
300199,翰宇药业,20110407
300200,高盟新材,20110407
300201,海伦哲,20110407
300203,聚光科技,20110415
300204,舒泰神,20110415
300205,ST天喻,20110421
300206,理邦仪器,20110421
300207,欣旺达,20110421
300208,星ST中程,20110426
300209,星ST有树,20110426
300210,森远股份,20110426
300211,亿通科技,20110505
300212,易华录,20110505
300213,佳讯飞鸿,20110505
300214,日科化学,20110511
300215,电科院,20110511
300217,东方电热,20110518
300218,安利股份,20110518
300219,鸿利智汇,20110518
300220,ST金运,20110525
300221,银禧科技,20110525
300222,科大智能,20110525
300223,北京君正,20110531
300224,正海磁材,20110531
300225,金力泰,20110531
300226,上海钢联,20110608
300227,光韵达,20110608
300228,富瑞特装,20110608
300229,拓尔思,20110615
300230,永利股份,20110615
300231,银信科技,20110615
300232,洲明科技,20110622
300233,金城医药,20110622
300234,开尔新材,20110622
300235,方直科技,20110629
300236,上海新阳,20110629
300237,美晨生态,20110629
300238,冠昊生物,20110706
300239,东宝生物,20110706
300240,飞力达,20110706
300241,瑞丰光电,20110712
300242,佳云科技,20110712
300243,瑞丰高材,20110712
300244,迪安诊断,20110719
300245,天玑科技,20110719
300246,宝莱特,20110719
300247,融捷健康,20110729
300248,新开普,20110729
300249,依米康,20110803
300250,初灵信息,20110803
300251,光线传媒,20110803
300252,金信诺,20110818
300253,卫宁健康,20110818
300254,仟源医药,20110819
300255,常山药业,20110819
300256,星星科技,20110819
300257,开山股份,20110819
300258,精锻科技,20110826
300259,新天科技,20110831
300260,新莱应材,20110906
300261,雅本化学,20110906
300262,星ST巴安,20110916
300263,隆华科技,20110916
300264,佳创视讯,20110916
300265,通光线缆,20110916
300266,兴源环境,20110927
300267,尔康制药,20110927
300268,星ST佳沃,20110927
300269,联建光电,20111012
300270,中威电子,20111012
300271,华宇软件,20111026
300272,开能健康,20111102
300274,阳光电源,20111102
300275,梅安森,20111102
300276,三丰智能,20111115
300277,海联讯,20111123
300278,华昌达,20111216
300279,和晶科技,20111229
300280,紫天科技,20111229
300281,金明精机,20111229
300282,星ST三盛,20111229
300283,温州宏丰,20120110
300284,苏交科,20120110
300285,国瓷材料,20120113
300286,安科瑞,20120113
300287,飞利信,20120201
300288,朗玛信息,20120216
300289,利德曼,20120216
300290,荣科科技,20120216
300291,百纳千成,20120209
300292,吴通控股,20120229
300293,蓝英装备,20120308
300294,博雅生物,20120308
300295,三六五网,20120315
300296,利亚德,20120315
300298,三诺生物,20120319
300299,富春股份,20120319
300300,海峡创新,20120319
300301,星ST长方,20120321
300302,同有科技,20120321
300303,聚飞光电,20120319
300304,云意电气,20120321
300305,裕兴股份,20120329
300306,远方信息,20120329
300307,慈星股份,20120329
300308,中际旭创,20120410
300310,宜通世纪,20120425
300311,任子行,20120425
300313,星ST天山,20120425
300314,戴维医疗,20120508
300315,掌趣科技,20120511
300316,晶盛机电,20120511
300317,珈伟新能,20120511
300318,博晖创新,20120523
300319,麦捷科技,20120523
300320,海达股份,20120601
300321,同大股份,20120523
300322,硕贝德,20120608
300323,华灿光电,20120601
300324,旋极信息,20120608
300326,凯利泰,20120613
300327,中颖电子,20120613
300328,宜安科技,20120619
300329,海伦钢琴,20120619
300331,苏大维格,20120628
300332,天壕能源,20120628
300333,兆日科技,20120628
300334,津膜科技,20120705
300335,迪森股份,20120710
300337,银邦股份,20120718
300338,星ST开元,20120726
300339,润和软件,20120718
300340,科恒股份,20120726
300341,麦克奥迪,20120726
300342,天银机电,20120726
300343,联创股份,20120801
300344,立方数科,20120801
300345,华民股份,20120801
300346,南大光电,20120807
300347,泰格医药,20120817
300348,长亮科技,20120817
300349,金卡智能,20120817
300350,华鹏飞,20120821
300351,永贵电器,20120920
300352,北信源,20120912
300353,东土科技,20120927
300354,东华测试,20120920
300355,蒙草生态,20120927
300357,我武生物,20140121
300358,楚天科技,20140121
300359,全通教育,20140121
300360,炬华科技,20140121
300363,博腾股份,20140129
300364,中文在线,20150121
300365,恒华科技,20140123
300366,创意信息,20140127
300368,汇金股份,20140123
300369,绿盟科技,20140129
300370,安控科技,20140123
300371,汇中股份,20140123
300373,扬杰科技,20140123
300374,中铁装配,20150319
300375,鹏翎股份,20140127
300376,易事特,20140127
300377,赢时胜,20140127
300378,鼎捷软件,20140127
300379,东方通,20140128
300380,安硕信息,20140128
300381,溢多利,20140128
300382,斯莱克,20140129
300383,光环新网,20140129
300384,三联虹普,20140801
300385,雪浪环境,20140626
300386,飞天诚信,20140626
300387,富邦股份,20140702
300388,节能国祯,20140801
300389,艾比森,20140801
300390,天华新能,20140731
300391,长药控股,20140801
300393,中来股份,20140912
300394,天孚通信,20150217
300395,菲利华,20140910
300396,迪瑞医疗,20140910
300397,天和防务,20140910
300398,飞凯材料,20141009
300399,天利科技,20141009
300400,劲拓股份,20141010
300401,花园生物,20141009
300402,宝色股份,20141010
300403,汉宇集团,20141030
300404,博济医药,20150424
300405,科隆股份,20141030
300406,九强生物,20141030
300407,凯发电气,20141203
300408,三环集团,20141203
300409,道氏技术,20141203
300410,正业科技,20141231
300411,金盾股份,20141231
300412,迦南科技,20141231
300413,芒果超媒,20150121
300414,中光防雷,20150513
300415,伊之密,20150123
300416,苏试试验,20150122
300417,南华仪器,20150123
300418,昆仑万维,20150121
300419,浩丰科技,20150122
300420,五洋自控,20150217
300421,力星股份,20150217
300422,博世科,20150217
300423,昇辉科技,20150217
300424,航新科技,20150422
300425,中建环能,20150216
300426,唐德影视,20150217
300427,星ST红相,20150217
300428,立中集团,20150319
300429,强力新材,20150324
300430,诚益通,20150319
300432,富临精工,20150319
300433,蓝思科技,20150318
300434,金石亚药,20150424
300435,中泰股份,20150326
300436,广生堂,20150422
300437,清水源,20150423
300438,鹏辉能源,20150424
300439,美康生物,20150422
300440,运达科技,20150423
300441,鲍斯股份,20150423
300442,润泽科技,20150424
300443,金雷股份,20150422
300444,双杰电气,20150423
300445,康斯特,20150424
300446,航天智造,20150423
300447,全信股份,20150422
300448,浩云科技,20150424
300449,汉邦高科,20150422
300450,先导智能,20150518
300451,创业慧康,20150514
300452,山河药辅,20150515
300453,三鑫医疗,20150515
300454,深信服,20180516
300455,航天智装,20150515
300456,赛微电子,20150514
300457,赢合科技,20150514
300458,全志科技,20150515
300459,汤姆猫,20150515
300460,惠伦晶体,20150515
300461,田中精机,20150519
300462,华铭智能,20150527
300463,迈克生物,20150528
300464,星徽股份,20150610
300465,高伟达,20150528
300466,赛摩智能,20150528
300467,迅游科技,20150527
300468,四方精创,20150527
300469,信息发展,20150611
300470,中密控股,20150612
300471,厚普股份,20150611
300472,新元科技,20150611
300473,德尔股份,20150612
300474,景嘉微,20160331
300475,香农芯创,20150610
300476,胜宏科技,20150611
300477,合纵科技,20150610
300478,杭州高新,20150610
300479,神思电子,20150612
300480,光力科技,20150702
300481,濮阳惠成,20150630
300482,万孚生物,20150630
300483,首华燃气,20150630
300484,蓝海华腾,20160322
300485,赛升药业,20150626
300486,东杰智能,20150630
300487,蓝晓科技,20150702
300488,恒锋工具,20150701
300489,光智科技,20150701
300490,华自科技,20151231
300491,通合科技,20151231
300492,华图山鼎,20151223
300493,润欣科技,20151210
300494,盛天网络,20151231
300495,星ST美尚,20151222
300496,中科创达,20151210
300497,富祥药业,20151222
300498,温氏股份,20151102
300499,高澜股份,20160202
300500,启迪设计,20160204
300501,海顺新材,20160204
300502,新易盛,20160303
300503,昊志机电,20160309
300504,天邑股份,20180330
300505,川金诺,20160315
300506,星ST名家,20160324
300507,苏奥传感,20160429
300508,维宏股份,20160419
300509,新美星,20160425
300510,金冠股份,20160506
300511,雪榕生物,20160504
300512,中亚股份,20160526
300513,恒实科技,20160530
300514,友讯达,20170426
300515,三德科技,20160608
300516,久之洋,20160602
300517,海波重科,20160719
300518,新迅达,20160624
300519,新光药业,20160624
300520,科大国创,20160708
300521,爱司凯,20160705
300522,世名科技,20160705
300523,辰安科技,20160726
300525,博思软件,20160726
300527,中船应急,20160805
300528,幸福蓝海,20160808
300529,健帆生物,20160802
300530,领湃科技,20160809
300531,优博讯,20160809
300532,今天国际,20160818
300533,冰川网络,20160818
300534,陇神戎发,20160913
300535,达威股份,20160812
300536,星ST农尚,20160920
300537,广信材料,20160830
300538,同益股份,20160826
300539,横河精密,20160830
300540,蜀道装备,20160823
300541,先进数通,20160913
300542,新晨科技,20160920
300543,朗科智能,20160908
300545,联得装备,20160928
300546,雄帝科技,20160928
300547,川环科技,20160930
300548,博创科技,20161012
300549,优德精密,20160930
300550,和仁科技,20161018
300551,古鳌科技,20161018
300552,万集科技,20161021
300553,集智股份,20161021
300554,三超新材,20170421
300555,ST路通,20161018
300556,丝路视觉,20161104
300557,理工光科,20161101
300558,贝达药业,20161107
300559,佳发教育,20161101
300560,中富通,20161101
300561,汇金科技,20161117
300562,乐心医疗,20161116
300563,神宇股份,20161114
300564,筑博设计,20191108
300565,科信技术,20161122
300566,激智科技,20161115
300567,精测电子,20161122
300568,星源材质,20161201
300569,天能重工,20161125
300570,太辰光,20161206
300571,平治信息,20161213
300572,安车检测,20161206
300573,兴齐眼药,20161208
300575,中旗股份,20161220
300576,容大感光,20161220
300577,开润股份,20161221
300578,会畅通讯,20170125
300579,数字认证,20161223
300580,贝斯特,20170111
300581,晨曦航空,20161220
300582,英飞特,20161228
300583,赛托生物,20170106
300584,海辰药业,20170112
300585,奥联电子,20161229
300586,美联新材,20170104
300587,天铁股份,20170105
300588,熙菱信息,20170105
300589,江龙船艇,20170113
300590,移为通信,20170111
300591,万里马,20170110
300592,华凯易佰,20170120
300593,新雷能,20170113
300594,朗进科技,20190621
300595,欧普康视,20170117
300596,利安隆,20170119
300597,吉大通信,20170123
300598,诚迈科技,20170120
300599,雄塑科技,20170123
300600,国瑞科技,20170125
300601,康泰生物,20170207
300602,飞荣达,20170126
300603,立昂技术,20170126
300604,长川科技,20170417
300605,恒锋信息,20170208
300606,金太阳,20170208
300607,拓斯达,20170209
300608,思特奇,20170213
300609,汇纳科技,20170215
300610,晨化股份,20170213
300611,美力科技,20170220
300612,宣亚国际,20170215
300613,富瀚微,20170220
300614,百川畅银,20210525
300615,欣天科技,20170215
300616,尚品宅配,20170307
300617,安靠智电,20170228
300618,寒锐钴业,20170306
300619,金银河,20170301
300620,光库科技,20170310
300621,维业股份,20170316
300622,博士眼镜,20170315
300623,捷捷微电,20170314
300624,万兴科技,20180118
300625,三雄极光,20170317
300626,华瑞股份,20170320
300627,华测导航,20170321
300628,亿联网络,20170317
300629,新劲刚,20170324
300630,普利制药,20170328
300631,久吾高科,20170323
300632,光莆股份,20170406
300633,开立医疗,20170406
300634,彩讯股份,20180323
300635,中达安,20170331
300636,同和药业,20170331
300637,扬帆新材,20170412
300638,广和通,20170413
300639,凯普生物,20170412
300640,德艺文创,20170417
300641,正丹股份,20170418
300642,透景生命,20170421
300643,万通智控,20170505
300644,南京聚隆,20180206
300645,正元智慧,20170421
300647,超频三,20170503
300648,星云股份,20170425
300649,杭州园林,20170505
300650,太龙股份,20170503
300651,金陵体育,20170509
300652,雷迪克,20170516
300653,正海生物,20170516
300654,世纪天鸿,20170926
300655,晶瑞电材,20170523
300656,民德电子,20170519
300657,弘信电子,20170523
300658,延江股份,20170602
300659,中孚信息,20170526
300660,江苏雷利,20170602
300661,圣邦股份,20170606
300662,科锐国际,20170608
300663,科蓝软件,20170608
300664,鹏鹞环保,20180105
300665,飞鹿股份,20170613
300666,江丰电子,20170615
300667,必创科技,20170619
300668,杰恩设计,20170619
300669,沪宁股份,20170629
300670,大烨智能,20170703
300671,富满微,20170705
300672,国科微,20170712
300673,佩蒂股份,20170711
300674,宇信科技,20181107
300675,建科院,20170719
300676,华大基因,20170714
300677,英科医疗,20170721
300678,中科信息,20170728
300679,电连技术,20170731
300680,隆盛科技,20170725
300681,英搏尔,20170725
300682,朗新集团,20170801
300683,海特生物,20170808
300684,中石科技,20171227
300685,艾德生物,20170802
300686,智动力,20170804
300687,赛意信息,20170803
300688,创业黑马,20170810
300689,澄天伟业,20170809
300690,双一科技,20170808
300691,联合光电,20170811
300692,中环环保,20170821
300693,盛弘股份,20170822
300694,蠡湖股份,20181015
300695,兆丰股份,20170908
300696,爱乐达,20170822
300697,电工合金,20170907
300698,万马科技,20170831
300699,光威复材,20170901
300700,岱勒新材,20170912
300701,森霸传感,20170915
300702,天宇股份,20170919
300703,创源股份,20170919
300705,九典制药,20171010
300706,阿石创,20170926
300707,威唐工业,20171010
300708,聚灿光电,20171016
300709,精研科技,20171019
300710,万隆光电,20171019
300711,广哈通信,20171101
300712,永福股份,20171031
300713,英可瑞,20171101
300715,凯伦股份,20171026
300716,泉为科技,20171109
300717,华信新材,20171106
300718,长盛轴承,20171106
300719,安达维尔,20171109
300720,海川智能,20171106
300721,怡达股份,20171115
300722,新余国科,20171110
300723,一品红,20171116
300724,捷佳伟创,20180810
300725,药石科技,20171110
300726,宏达电子,20171121
300727,润禾材料,20171127
300729,乐歌股份,20171201
300730,科创信息,20171205
300731,科创新源,20171208
300732,设研院,20171212
300733,西菱动力,20180116
300735,光弘科技,20171229
300736,百邦科技,20180109
300737,科顺股份,20180125
300738,奥飞数据,20180119
300739,明阳电路,20180201
300740,水羊股份,20180208
300741,华宝股份,20180301
300742,星ST越博,20180508
300743,天地数码,20180427
300745,欣锐科技,20180523
300746,汉嘉设计,20180525
300747,锐科激光,20180625
300748,金力永磁,20180921
300749,顶固集创,20180925
300750,宁德时代,20180611
300751,迈为股份,20181109
300752,隆利科技,20181130
300753,爱朋医疗,20181213
300755,华致酒行,20190129
300756,金马游乐,20181228
300757,罗博特科,20190108
300758,七彩化学,20190222
300759,康龙化成,20190128
300760,迈瑞医疗,20181016
300761,立华股份,20190218
300762,上海瀚讯,20190314
300763,锦浪科技,20190319
300765,新诺威,20190322
300766,每日互动,20190325
300767,震安科技,20190329
300768,迪普科技,20190412
300769,德方纳米,20190415
300770,新媒股份,20190419
300771,智莱科技,20190422
300772,运达股份,20190426
300773,拉卡拉,20190425
300774,倍杰特,20210804
300775,三角防务,20190521
300776,帝尔激光,20190517
300777,中简科技,20190516
300778,新城市,20190510
300779,惠城环保,20190522
300780,德恩精工,20190531
300781,因赛集团,20190606
300782,卓胜微,20190618
300783,三只松鼠,20190712
300785,值得买,20190715
300786,国林科技,20190723
300787,海能实业,20190815
300788,中信出版,20190705
300789,唐源电气,20190828
300790,宇瞳光学,20190920
300791,仙乐健康,20190925
300792,壹网壹创,20190927
300793,佳禾智能,20191018
300795,米奥会展,20191022
300796,贝斯美,20191115
300797,钢研纳克,20191101
300798,锦鸡股份,20191122
300799,星ST左江,20191029
300800,力合科技,20191106
300801,泰和科技,20191128
300802,矩子科技,20191114
300803,指南针,20191118
300804,广康生化,20230627
300805,电声股份,20191121
300806,斯迪克,20191125
300807,天迈科技,20191219
300808,久量股份,20191129
300809,华辰装备,20191204
300810,中科海讯,20191206
300811,铂科新材,20191230
300812,易天股份,20200109
300813,泰林生物,20200114
300814,中富电路,20210812
300815,玉禾田,20200123
300816,艾可蓝,20200210
300817,双飞集团,20200218
300818,耐普矿机,20200212
300819,聚杰微纤,20200312
300820,英杰电气,20200213
300821,东岳硅材,20200312
300822,贝仕达克,20200313
300823,建科机械,20200319
300824,北鼎股份,20200619
300825,阿尔特,20200327
300826,测绘股份,20200403
300827,上能电气,20200410
300828,锐新科技,20200421
300829,金丹科技,20200422
300830,金现代,20200506
300831,派瑞股份,20200507
300832,新产业,20200512
300833,浩洋股份,20200520
300834,星辉环材,20220113
300835,龙磁科技,20200525
300836,佰奥智能,20200528
300837,浙矿股份,20200605
300838,浙江力诺,20200608
300839,博汇股份,20200630
300840,酷特智能,20200708
300841,康华生物,20200616
300842,帝科股份,20200618
300843,胜蓝股份,20200702
300844,山水比德,20210813
300845,捷安高科,20200703
300846,首都在线,20200701
300847,中船汉光,20200709
300848,美瑞新材,20200720
300849,锦盛新材,20200710
300850,新强联,20200713
300851,交大思诺,20200717
300852,四会富仕,20200713
300853,申昊科技,20200724
300854,中兰环保,20210916
300855,图南股份,20200723
300856,科思股份,20200722
300857,协创数据,20200727
300858,科拓生物,20200727
300859,星ST西域,20200806
300860,锋尚文化,20200824
300861,美畅股份,20200824
300862,蓝盾光电,20200824
300863,卡倍亿,20200824
300864,南大环境,20200824
300865,大宏立,20200824
300866,安克创新,20200824
300867,圣元环保,20200824
300868,杰美特,20200824
300869,康泰医学,20200824
300870,欧陆通,20200824
300871,回盛生物,20200824
300872,天阳科技,20200824
300873,海晨股份,20200824
300875,捷强装备,20200824
300876,蒙泰高新,20200824
300877,金春股份,20200824
300878,维康药业,20200824
300879,大叶股份,20200901
300880,迦南智能,20200901
300881,盛德鑫泰,20200901
300882,万胜智能,20200910
300883,龙利得,20200910
300884,狄耐克,20201112
300885,海昌新材,20200910
300886,华业香料,20200916
300887,谱尼测试,20200916
300888,稳健医疗,20200917
300889,爱克股份,20200916
300890,翔丰华,20200917
300891,惠云钛业,20200917
300892,品渥食品,20200924
300893,松原股份,20200924
300894,火星人,20201231
300895,铜牛信息,20200924
300896,爱美客,20200928
300897,山科智能,20200928
300898,熊猫乳品,20201016
300899,上海凯鑫,20201016
300900,广联航空,20201029
300901,中胤时尚,20201029
300902,国安达,20201029
300903,科翔股份,20201105
300904,威力传动,20230809
300905,宝丽迪,20201105
300906,日月明,20201105
300907,康平科技,20201118
300908,仲景食品,20201123
300909,汇创达,20201118
300910,瑞丰新材,20201127
300911,亿田智能,20201203
300912,凯龙高科,20201207
300913,兆龙互连,20201207
300915,海融科技,20201202
300916,朗特智能,20201202
300917,特发服务,20201221
300918,南山智尚,20201222
300919,中伟股份,20201223
300920,润阳科技,20201225
300921,南凌科技,20201222
300922,天秦装备,20201225
300923,研奥股份,20201224
300925,法本信息,20201230
300926,博俊科技,20210107
300927,江天化学,20210107
300928,华安鑫创,20210106
300929,华骐环保,20210120
300930,屹通新材,20210121
300931,通用电梯,20210121
300932,三友联众,20210122
300933,中辰股份,20210122
300935,盈建科,20210120
300936,中英科技,20210126
300937,药易购,20210127
300938,信测标准,20210127
300939,秋田微,20210128
300940,南极光,20210203
300941,创识科技,20210209
300942,易瑞生物,20210209
300943,春晖智控,20210210
300945,曼卡龙,20210210
300946,恒而达,20210208
300947,德必集团,20210210
300948,冠中生态,20210225
300949,奥雅股份,20210226
300950,德固特,20210303
300951,博硕科技,20210226
300952,恒辉安防,20210311
300953,震裕科技,20210318
300955,嘉亨家化,20210324
300956,英力股份,20210326
300957,贝泰妮,20210325
300958,建工修复,20210329
300959,线上线下,20210322
300960,通业科技,20210329
300961,深水海纳,20210330
300962,中金辐照,20210409
300963,中洲特材,20210409
300964,本川智能,20210805
300965,星ST恒宇,20210402
300966,共同药业,20210409
300967,晓鸣股份,20210413
300968,格林精密,20210415
300969,恒帅股份,20210412
300970,华绿生物,20210412
300971,博亚精工,20210415
300972,万辰集团,20210419
300973,立高食品,20210415
300975,商络电子,20210421
300976,达瑞电子,20210419
300977,深圳瑞捷,20210420
300978,东箭科技,20210426
300979,华利集团,20210426
300980,祥源新材,20210421
300981,中红医疗,20210427
300982,苏文电能,20210427
300983,尤安设计,20210420
300984,金沃股份,20210618
300985,致远新能,20210429
300986,志特新材,20210430
300987,川网传媒,20210511
300988,津荣天宇,20210512
300989,蕾奥规划,20210507
300990,同飞股份,20210512
300991,创益通,20210520
300992,泰福泵业,20210525
300993,玉马遮阳,20210524
300994,久祺股份,20210812
300995,奇德新材,20210526
300996,普联软件,20210603
300997,欢乐家,20210602
300998,宁波方正,20210602
300999,金龙鱼,20201015
301000,肇民科技,20210528
301001,凯淳股份,20210528
301002,崧盛股份,20210607
301003,江苏博云,20210601
301004,嘉益股份,20210625
301005,超捷股份,20210601
301006,迈拓股份,20210607
301007,德迈仕,20210616
301008,宏昌科技,20210611
301009,可靠股份,20210617
301010,晶雪节能,20210618
301011,华立科技,20210617
301012,扬电科技,20210622
301013,利和兴,20210629
301015,百洋医药,20210630
301016,雷尔伟,20210630
301017,漱玉平民,20210705
301018,申菱环境,20210707
301019,宁波色母,20210628
301020,密封科技,20210706
301021,英诺激光,20210706
301022,海泰科,20210702
301023,江南奕帆,20210707
301024,霍普股份,20210728
301025,读客文化,20210719
301026,浩通科技,20210716
301027,华蓝集团,20210715
301028,东亚机械,20210720
301029,怡合达,20210723
301030,仕净科技,20210722
301031,中熔电气,20210715
301032,新柴股份,20210722
301033,迈普医学,20210726
301035,润丰股份,20210728
301036,双乐股份,20210729
301037,保立佳,20210730
301038,深水规院,20210804
301039,中集车辆,20210708
301040,中环海陆,20210803
301041,金百泽,20210811
301042,安联锐视,20210805
301043,绿岛风,20210811
301045,天禄科技,20210813
301046,能辉科技,20210817
301047,义翘神州,20210816
301048,金鹰重工,20210818
301049,超越科技,20210824
301050,雷电微力,20210824
301051,信濠光电,20210827
301052,果麦文化,20210830
301053,远信工业,20210901
301055,张小泉,20210906
301056,森赫股份,20210907
301057,汇隆新材,20210909
301058,中粮科工,20210909
301059,金三江,20210913
301060,兰卫医学,20210913
301061,匠心家居,20210913
301062,上海艾录,20210914
301063,海锅股份,20210924
301065,本立科技,20210914
301066,万事利,20210922
301067,显盈科技,20210922
301068,大地海洋,20210928
301069,凯盛新材,20210927
301070,开勒股份,20210923
301071,力量钻石,20210924
301072,中捷精工,20210929
301073,君亭酒店,20210930
301075,多瑞医药,20210929
301076,新瀚新材,20211011
301077,星华新材,20210930
301078,孩子王,20211014
301079,邵阳液压,20211019
301080,百普赛斯,20211018
301081,严牌股份,20211020
301082,久盛电气,20211027
301083,百胜智能,20211021
301085,亚康股份,20211018
301086,鸿富瀚,20211020
301087,可孚医疗,20211025
301088,戎美股份,20211028
301089,拓新药业,20211027
301090,华润材料,20211026
301091,深城交,20211029
301092,争光股份,20211102
301093,华兰股份,20211101
301095,广立微,20220805
301096,百诚医药,20211220
301097,天益医疗,20220407
301098,金埔园林,20211112
301099,雅创电子,20211122
301100,风光股份,20211217
301101,明月镜片,20211216
301102,兆讯传媒,20220328
301103,何氏眼科,20220322
301105,鸿铭股份,20221230
301106,骏成科技,20220128
301107,瑜欣电子,20220524
301108,洁雅股份,20211203
301109,军信股份,20220413
301110,青木股份,20220311
301111,粤万年青,20211207
301112,信邦智能,20220629
301113,雅艺科技,20211222
301115,建科股份,20220831
301116,益客食品,20220118
301117,佳缘科技,20220117
301118,恒光股份,20211118
301119,正强股份,20211122
301120,新特电气,20220419
301121,紫建电子,20220808
301122,采纳股份,20220126
301123,奕东电子,20220125
301125,腾亚精工,20220608
301126,达嘉维康,20211207
301127,天源环保,20211230
301128,强瑞技术,20211110
301129,瑞纳智能,20211102
301130,西点药业,20220223
301131,聚赛龙,20220314
301132,满坤科技,20220810
301133,金钟股份,20211126
301135,瑞德智能,20220412
301136,招标股份,20220111
301137,哈焊华通,20220322
301138,华研精机,20211215
301139,元道通信,20220708
301141,中科磁业,20230403
301148,嘉戎技术,20220421
301149,隆华新材,20211110
301150,中一科技,20220421
301151,冠龙节能,20220411
301152,天力锂能,20220829
301153,中科江南,20220518
301155,海力风电,20211124
301156,美农生物,20220617
301157,华塑科技,20230309
301158,德石股份,20220117
301159,三维天地,20220107
301160,翔楼新材,20220606
301161,唯万密封,20220914
301162,国能日新,20220429
301163,宏德股份,20220419
301165,锐捷网络,20221121
301166,优宁维,20211228
301167,建研设计,20211206
301168,通灵股份,20211210
301169,零点有数,20211103
301170,锡南科技,20230627
301171,易点天下,20220819
301172,君逸数码,20230726
301175,中科环保,20220708
301176,逸豪新材,20220928
301177,迪阿股份,20211215
301178,天亿马,20211112
301179,泽宇智能,20211208
301180,万祥科技,20211116
301181,标榜股份,20220221
301182,凯旺科技,20211223
301183,东田微,20220524
301185,鸥玛软件,20211119
301186,超达装备,20211223
301187,欧圣电气,20220422
301188,力诺特玻,20211111
301189,奥尼电子,20211228
301190,善水科技,20211224
301191,菲菱科思,20220526
301192,泰祥股份,20220811
301193,家联科技,20211209
301195,北路智控,20220801
301196,唯科科技,20220111
301197,工大科雅,20220808
301198,喜悦智行,20211202
301199,迈赫股份,20211207
301200,大族数控,20220228
301201,诚达药业,20220120
301202,朗威股份,20230705
301203,国泰环保,20230404
301205,联特科技,20220913
301206,三元生物,20220210
301207,华兰疫苗,20220218
301208,中亦科技,20220707
301209,联合化学,20220825
301210,金杨股份,20230630
301211,亨迪药业,20211222
301212,联盛化学,20220419
301213,观想科技,20211206
301215,中汽股份,20220308
301216,万凯新材,20220329
301217,铜冠铜箔,20220127
301218,华是科技,20220307
301219,腾远钴业,20220317
301220,亚香股份,20220622
301221,光庭信息,20211222
301222,浙江恒威,20220309
301223,中荣股份,20221026
301225,恒勃股份,20230616
301226,祥明智能,20220325
301227,森鹰窗业,20220926
301228,实朴检测,20220128
301229,纽泰格,20220222
301230,泓博医药,20221101
301231,荣信文化,20220908
301232,飞沃科技,20230615
301233,盛帮股份,20220706
301234,五洲医疗,20220705
301235,华康医疗,20220128
301236,软通动力,20220315
301237,和顺科技,20220323
301238,瑞泰新材,20220617
301239,普瑞眼科,20220705
301246,宏源药业,20230320
301248,杰创智能,20220420
301251,威尔高,20230906
301252,同星科技,20230525
301255,通力科技,20221227
301256,华融化学,20220322
301257,普蕊斯,20220517
301258,富士莱,20220329
301259,艾布鲁,20220426
301260,格力博,20230208
301261,恒工精密,20230710
301262,海看股份,20230620
301263,泰恩康,20220329
301265,华新环保,20221216
301266,宇邦新材,20220608
301267,华厦眼科,20221107
301268,铭利达,20220407
301269,华大九天,20220729
301270,汉仪股份,20220831
301272,英华特,20230713
301273,瑞晨环保,20221025
301276,嘉曼服饰,20220909
301277,新天地,20221116
301278,快可电子,20220804
301279,金道科技,20220413
301280,珠城科技,20221226
301281,科源制药,20230404
301282,金禄电子,20220826
301283,聚胶股份,20220902
301285,鸿日达,20220928
301286,侨源股份,20220614
301287,康力源,20230614
301288,清研环境,20220422
301289,国缆检测,20220622
301290,东星医疗,20221130
301291,明阳电气,20230630
301292,海科新源,20230707
301293,三博脑科,20230505
301295,美硕科技,20230628
301296,新巨丰,20220902
301297,富乐德,20221230
301298,东利机械,20220606
301299,卓创资讯,20221019
301300,远翔新材,20220819
301301,川宁生物,20221227
301302,华如科技,20220623
301303,真兰仪表,20230220
301305,朗坤环境,20230523
301306,西测测试,20220726
301307,美利信,20230424
301308,江波龙,20220805
301309,万得凯,20220919
301310,鑫宏业,20230602
301311,昆船智能,20221130
301312,智立方,20220711
301313,凡拓数创,20220930
301314,科瑞思,20230328
301315,威士顿,20230621
301316,慧博云通,20221013
301317,鑫磊股份,20230119
301318,维海德,20220810
301319,唯特偶,20220929
301320,豪江智能,20230609
301321,翰博高新,20220818
301322,绿通科技,20230306
301323,新莱福,20230606
301325,曼恩斯特,20230512
301326,捷邦科技,20220921
301327,华宝新能,20220919
301328,维峰电子,20220908
301329,信音电子,20230717
301330,熵基科技,20220817
301331,恩威医药,20220921
301332,德尔玛,20230518
301333,诺思格,20220802
301335,天元宠物,20221118
301336,趣睡科技,20220812
301337,亚华电子,20230526
301338,凯格精机,20220816
301339,通行宝,20220909
301345,涛涛车业,20230321
301348,蓝箭电子,20230810
301349,信德新材,20220909
301353,普莱得,20230530
301355,南王科技,20230612
301356,天振股份,20221114
301357,北方长龙,20230418
301358,湖南裕能,20230209
301359,东南电子,20221109
301360,荣旗科技,20230425
301361,众智科技,20221116
301362,民爆光电,20230804
301363,美好医疗,20221012
301365,矩阵股份,20221122
301366,一博科技,20220926
301367,怡和嘉业,20221101
301368,丰立智能,20221215
301369,联动科技,20220922
301370,国科恒泰,20230712
301371,敷尔佳,20230801
301372,科净源,20230811
301373,凌玮科技,20230208
301376,致欧科技,20230621
301377,鼎泰高科,20221122
301378,通达海,20230320
301379,天山电子,20221101
301380,挖金客,20221025
301381,赛维时代,20230712
301382,蜂助手,20230517
301383,天键股份,20230609
301386,未来电器,20230329
301387,光大同创,20230418
301388,欣灵电气,20221109
301389,隆扬电子,20221031
301390,经纬股份,20230508
301391,卡莱特,20221201
301393,昊帆生物,20230712
301395,仁信新材,20230703
301396,宏景科技,20221111
301397,溯联股份,20230628
301398,星源卓镁,20221215
301399,英特科技,20230523
301408,华人健康,20230301
301413,安培龙,20231218
301418,协昌科技,20230821
301419,阿莱德,20230209
301421,波长光电,20230823
301428,世纪恒通,20230519
301429,森泰股份,20230417
301439,泓淋电力,20230317
301446,福事特,20230725
301448,开创电气,20230619
301456,盘古智能,20230714
301459,丰茂股份,20231213
301468,博盈特焊,20230724
301469,恒达新材,20230822
301486,致尚科技,20230707
301487,盟固利,20230809
301488,豪恩汽电,20230704
301489,思泉新材,20231024
301498,乖宝宠物,20230816
301499,维科精密,20230721
301500,飞南资源,20230921
301502,华阳智能,20240202
301503,智迪科技,20230717
301505,苏州规划,20230719
301507,民生健康,20230905
301508,中机认检,20231201
301509,金凯生科,20230803
301510,固高科技,20230815
301511,德福科技,20230817
301512,智信精密,20230720
301515,港通医疗,20230725
301516,中远通,20231208
301517,陕西华达,20231017
301518,长华化学,20230803
301519,舜禹股份,20230727
301520,万邦医药,20230925
301525,儒竞科技,20230830
301526,国际复材,20231226
301528,多浦乐,20230828
301529,福赛科技,20230911
301533,威马农机,20230818
301536,星宸科技,20240328
301538,骏鼎达,20240320
301539,宏鑫科技,20240415
301548,崇德科技,20230920
301550,斯菱股份,20230915
301555,惠柏新材,20231031
301558,三态股份,20230928
301559,中集环科,20231011
301566,达利凯普,20231229
301567,贝隆精密,20240116
301568,思泰克,20231128
301577,美信科技,20240124
301578,辰奕智能,20231228
301587,中瑞股份,20240408
301588,美新科技,20240313
301589,诺瓦星云,20240208
301591,肯特股份,20240228
301596,瑞迪智驱,20240513
